label_dod_occ_code,label_industry,y1_emp,y5_emp,y10_emp,y1_p25_earnings,y5_p25_earnings,y10_p25_earnings,y1_p50_earnings,y5_p50_earnings,y10_p50_earnings,y1_p75_earnings,y5_p75_earnings,y10_p75_earnings
All occupations,"Agriculture, Forestry, Fishing and Hunting",0.29077296641036016,0.39732528041415016,0.3531233866804337,0.44065126050420167,0.6023508538478598,0.7817425569176882,0.4351918899348298,0.6035621065561185,0.7453200483091788,0.47418181818181815,0.6142215922513583,0.7009650180940892
All occupations,"Mining, Quarrying, and Oil and Gas Extraction",0.9044921084581141,0.6850733390854185,0.4457924625709861,0.1922268907563025,0.21202040363717012,0.2714535901926445,0.22031136857349742,0.23829264547827417,0.2779287439613527,0.24639999999999995,0.2500590597684857,0.2581423401688781
All occupations,Utilities,0.5789154188587616,0.5532786885245902,0.45534331440371717,0.26050420168067234,0.33510756265247277,0.43432574430823123,0.32748008689355534,0.381083985874405,0.4747886473429952,0.4450909090909091,0.4558232931726907,0.516887816646562
All occupations,Real Estate and Rental and Leasing,0.26102792391744234,0.30220017256255394,0.22663913267940114,0.22846638655462181,0.31603459747172324,0.43717162872154114,0.24475018102824042,0.31429448794718257,0.4116847826086957,0.2522181818181818,0.33038034490904794,0.4405307599517491
All occupations,Management of Companies and Enterprises,0.1375961149332254,0.13546160483175151,0.10635002581311306,0.21060924369747902,0.3135950321579064,0.37149737302977237,0.24058653149891385,0.32273913711039454,0.39522946859903385,0.2667636363636363,0.38825891802504137,0.46972255729794926
All occupations,"Arts, Entertainment, and Recreation",0.6865641440712262,0.5038826574633305,0.3182756840474962,0.051207983193277296,0.013306719893546204,0.04159369527145362,0.04127443881245474,0.02379855673268849,0.03894927536231885,0.032727272727272716,0.048783368769194424,0.02762364294330516
"Infantry, Gun Crews, and
Seamanship Specialists","Agriculture, Forestry, Fishing and Hunting",0.16835289356535815,0.15207075064710956,0.11331956633970056,0.37316176470588236,0.4120647593701485,0.5030647985989493,0.3993482983345401,0.40994933210502066,0.46724033816425115,0.4955636363636363,0.49373966454051504,0.45778045838359466
"Infantry, Gun Crews, and
Seamanship Specialists","Mining, Quarrying, and Oil and Gas Extraction",0.29218939700526103,0.20729076790336498,0.11848218895198762,0.08324579831932777,0.10490130849412282,0.16330998248686512,0.08960897900072406,0.11469368954398895,0.18629227053140096,0.10996363636363637,0.13607370659107015,0.20615199034981907
"Infantry, Gun Crews, and
Seamanship Specialists",Utilities,0.12990692027519224,0.10396893874029337,0.06866288074341767,0.22505252100840334,0.21933909957862052,0.2467162872154116,0.2900072411296162,0.2636265929679103,0.3588466183574879,0.4098909090909091,0.36487124970470114,0.3168878166465621
"Infantry, Gun Crews, and
Seamanship Specialists",Wholesale Trade,0.03419668150546338,0.03019844693701467,0.008518327310273618,0.21612394957983194,0.17720115324905739,0.31326619964973734,0.21904417089065886,0.21602947950253343,0.2903079710144928,0.27287272727272727,0.25584691708008506,0.35765983112183347
"Infantry, Gun Crews, and
Seamanship Specialists",Transportation and Warehousing,0.03662484823957912,0.03386540120793788,0.026071244192049564,0.3492647058823529,0.4402306498114881,0.6390105078809106,0.43845039826212884,0.5123598955934285,0.5744263285024155,0.7482181818181819,0.5262225372076541,0.5347406513872135
"Infantry, Gun Crews, and
Seamanship Specialists",Information,0.44779441521651153,0.2810612597066437,0.15771812080536912,0.17568277310924374,0.17964071856287422,0.22263572679509636,0.2085445329471397,0.24167050514355898,0.28291062801932365,0.31796363636363634,0.3236475313016773,0.3037394451145959
"Infantry, Gun Crews, and
Seamanship Specialists",Finance and Insurance,0.07507082152974505,0.09469370146678172,0.07872999483737739,0.34611344537815125,0.25593257928587265,0.33384413309982486,0.42360608254887755,0.30538922155688625,0.34495772946859904,0.5156363636363637,0.3014410583510512,0.2689987937273824
"Infantry, Gun Crews, and
Seamanship Specialists",Real Estate and Rental and Leasing,0.08458114123836503,0.12834339948231233,0.12622612287041818,0.16334033613445376,0.17853182523841205,0.29838003502626975,0.19569152787834898,0.20359281437125748,0.3309178743961353,0.1991272727272727,0.2725017717930546,0.3230398069963812
"Infantry, Gun Crews, and
Seamanship Specialists",Management of Companies and Enterprises,0.09368676649129908,0.07269197584124246,0.04697986577181208,0.04779411764705882,0.0179640718562874,0.05035026269702281,0.042541636495293245,0.027329955473668066,0.05857487922705312,0.0498909090909091,0.06283959366879283,0.032448733413751485
"Infantry, Gun Crews, and
Seamanship Specialists",Educational Services,0.12768110076891948,0.16544434857635892,0.13164687661331956,0.30540966386554624,0.40518962075848297,0.45227670753064797,0.2947139753801593,0.3344081068631966,0.403683574879227,0.25963636363636367,0.3206945428773919,0.34089264173703254
"Infantry, Gun Crews, and
Seamanship Specialists",Health Care and Social Assistance,0.21651153379198707,0.40638481449525454,0.3461538461538462,0.6034663865546219,0.6821911732091371,0.7491243432574431,0.6334178131788558,0.6462459695992628,0.6908212560386474,0.6187636363636363,0.5976848570753603,0.6201447527141133
"Infantry, Gun Crews, and
Seamanship Specialists","Arts, Entertainment, and Recreation",0.08923512747875355,0.06578947368421054,0.035105833763551884,0.59375,0.7660235085384784,0.8390980735551664,0.5999275887038378,0.7274681406417933,0.8198973429951691,0.6487272727272726,0.7082447436806047,0.8673100120627262
"Infantry, Gun Crews, and
Seamanship Specialists",Accommodation and Food Services,0.023472278429785512,0.03300258843830889,0.0302013422818792,0.4101890756302521,0.5843867819915723,0.7981611208406306,0.4174511223750904,0.6387225548902196,0.7078804347826088,0.48509090909090913,0.5709898417198205,0.7218335343787694
"Infantry, Gun Crews, and
Seamanship Specialists",Other Services (except Public Administration),0.4443545123431809,0.3218291630716135,0.1951471347444502,0.2095588235294118,0.2654690618762475,0.33034150612959723,0.23678493845039827,0.29356671272838936,0.3685084541062802,0.2650181818181818,0.33829435388613277,0.413027744270205
Electronic Equipment Repairers,"Mining, Quarrying, and Oil and Gas Extraction",0.3037231889923108,0.2842968075927524,0.19359834796076408,0.4776785714285715,0.5131958305611,0.6433887915936952,0.5847212165097755,0.5872869645324734,0.6607789855072465,0.7201454545454544,0.631230805575242,0.6414957780458383
Electronic Equipment Repairers,Utilities,0.14407122622420074,0.15465918895599653,0.11357769747031493,0.2668067226890757,0.3526280771789754,0.49408931698774083,0.279145546705286,0.3668048518347919,0.4429347826086957,0.31447272727272724,0.369950389794472,0.4720144752714113
Electronic Equipment Repairers,Construction,0.07385673816268717,0.05651423641069888,0.029426948890036143,0.16439075630252098,0.20137502772233307,0.24518388791593693,0.19732078204199854,0.2430523568248119,0.3564311594202898,0.21061818181818182,0.2647058823529412,0.33667068757539204
Electronic Equipment Repairers,Manufacturing,0.07729664103601781,0.06859361518550475,0.047237996902426437,0.37316176470588236,0.4167221113328897,0.5280210157618214,0.5771180304127443,0.4552433594349761,0.5416666666666666,0.9051636363636364,0.6406803685329554,0.5827503015681543
Electronic Equipment Repairers,Wholesale Trade,0.9338324564953461,0.5390422778257118,0.29917398038203413,0.18198529411764708,0.16766467065868262,0.19789842381786338,0.227009413468501,0.23399355135882077,0.27672101449275366,0.3256727272727272,0.3390030711079613,0.3439083232810615
Electronic Equipment Repairers,Retail Trade,0.17685147713476326,0.2405090595340811,0.20392359318533815,0.3080357142857143,0.29563096030161895,0.4192206654991244,0.4060463432295438,0.3342545677875019,0.37288647342995174,0.5198545454545455,0.36463501063075837,0.2966224366706876
Electronic Equipment Repairers,Transportation and Warehousing,0.17907729664103603,0.2571182053494392,0.2096024780588539,0.1383928571428572,0.1678864493235751,0.3202714535901927,0.1631064446053584,0.207124213112237,0.33001207729468596,0.17076363636363634,0.22501771793054576,0.31797346200241255
Electronic Equipment Repairers,Information,0.06313233508700931,0.05629853321829164,0.023231801755291687,0.09007352941176472,0.12242182302062543,0.17272329246935203,0.08164373642288192,0.16213726393367106,0.24456521739130432,0.12043636363636362,0.1755256319395228,0.3278648974668275
Electronic Equipment Repairers,Finance and Insurance,0.24888709024686362,0.17018981880931838,0.08982963345379452,0.055934873949579855,0.024395653138168105,0.04881786339754818,0.03892107168718317,0.024566252111162312,0.06355676328502413,0.031563636363636405,0.034963382943538845,0.038480096501809335
Electronic Equipment Repairers,Real Estate and Rental and Leasing,0.11412383650343991,0.1100086281276963,0.06117707795560145,0.1785714285714286,0.2131292969616323,0.2460595446584939,0.22175959449674143,0.26408721019499465,0.3121980676328502,0.27578181818181813,0.30758327427356486,0.34511459589867305
Electronic Equipment Repairers,"Professional, Scientific, and Technical Services",0.4087414002428167,0.5148835202761001,0.3680949922560661,0.34164915966386555,0.4040807274340208,0.5197022767075307,0.3077480086893555,0.36173806233686473,0.4616545893719807,0.2686545454545455,0.3479801559177888,0.42991556091676714
Electronic Equipment Repairers,Management of Companies and Enterprises,0.4850263051396196,0.92946505608283,0.8131130614352091,0.5806197478991597,0.7172322022621423,0.8662434325744309,0.5872556118754525,0.7025948103792414,0.8174818840579711,0.6432,0.6810772501771793,0.7334137515078407
Electronic Equipment Repairers,"Administrative and Support and Waste
Management and Remediation Services",0.06535815459328208,0.03041415012942192,0.0010325245224574071,0.2279411764705882,0.2719006431581281,0.3977670753064799,0.2418537291817523,0.308152924919392,0.4310084541062802,0.27927272727272723,0.34479092841956055,0.3544028950542823
Electronic Equipment Repairers,Educational Services,0.12970457304734925,0.10440034512510785,0.046205472379969026,0.3209033613445378,0.3863384342426258,0.590630472854641,0.3446777697320782,0.3909104867188699,0.5744263285024155,0.38705454545454543,0.4287739192062367,0.48902291917973456
Electronic Equipment Repairers,Health Care and Social Assistance,0.0623229461756374,0.04357204486626402,0.006711409395973155,0.2996323529411765,0.4058549567531603,0.48248686514886163,0.3408761766835626,0.44572393674190075,0.466183574879227,0.5569454545454545,0.49740137018662883,0.6103739445114595
Electronic Equipment Repairers,"Arts, Entertainment, and Recreation",0.15398624038850667,0.08973252804141502,0.01961796592669076,0.08744747899159666,0.10223996451541362,0.16834500875656744,0.0778421433743664,0.12759097190234914,0.2281099033816425,0.09861818181818183,0.180132293881408,0.19710494571773224
Electronic Equipment Repairers,Accommodation and Food Services,0.06535815459328208,0.051768766177739435,0.023231801755291687,0.2552521008403361,0.27633621645597695,0.7044658493870403,0.3084721216509775,0.3919852602487333,0.6266606280193238,0.40436363636363637,0.4408221119773211,0.5611580217129071
Electronic Equipment Repairers,Other Services (except Public Administration),0.16835289356535815,0.10742018981880933,0.03200826019617966,0.47925420168067234,0.4426702151253049,0.48708406304728546,0.5689717595944966,0.52433594349762,0.6672705314009663,0.6349090909090909,0.5531537916371367,0.612303980699638
Electronic Equipment Repairers,Public Administration,0.1954674220963173,0.09404659188955997,0.018327310273619002,0.19747899159663862,0.1752051452650255,0.2924693520140106,0.23081100651701658,0.2559496391831721,0.35477053140096615,0.30472727272727274,0.3649893692416725,0.46550060313630875
Electronic Equipment Repairers,Federal Government,0.05868069607446379,0.06729939603106128,0.013939081053175012,0.3707983193277311,0.2821024617431803,0.47088441330998254,0.40731354091238225,0.3169046522339935,0.4284420289855072,0.41876363636363634,0.31407984880699263,0.3734620024125452
"Communications and Intelligence
Specialists","Mining, Quarrying, and Oil and Gas Extraction",0.5242816673411574,0.4838222605694565,0.10041300980898296,0.5388655462184875,0.5296074517631404,0.6950525394045534,0.4375452570601013,0.4431137724550898,0.5782004830917874,0.41454545454545455,0.40668556579258214,0.5260554885404101
"Communications and Intelligence
Specialists",Utilities,0.046742209631728045,0.03731665228645384,0.018327310273619002,0.24028361344537819,0.2767797737857618,0.4700087565674256,0.2854815351194786,0.31107016735759246,0.45833333333333337,0.30472727272727274,0.38128986534372783,0.46550060313630875
"Communications and Intelligence
Specialists",Construction,0.06252529340348037,0.07765314926660916,0.05937016004130099,0.2552521008403361,0.3302284320248392,0.3695271453590193,0.28638667632150616,0.2963304160908951,0.38934178743961356,0.3463272727272727,0.35187810063784547,0.41001206272617613
"Communications and Intelligence
Specialists",Manufacturing,0.02428166734115743,0.025668679896462467,0.014455343314403717,0.3744747899159664,0.3331115546684409,0.41352889667250436,0.34522085445329465,0.3310302471979118,0.45712560386473433,0.41454545454545455,0.41211906449326713,0.443546441495778
"Communications and Intelligence
Specialists",Wholesale Trade,0.09935248887090248,0.07118205349439172,0.04026845637583893,0.09768907563025209,0.08117099135063205,0.11405429071803852,0.0944967414916727,0.08521418701059419,0.11820652173913043,0.10705454545454546,0.12827781715095676,0.16550060313630882
"Communications and Intelligence
Specialists",Retail Trade,0.028328611898016998,0.025884383088869714,0.023231801755291687,0.16412815126050417,0.24950099800399195,0.17994746059544664,0.22863866763215057,0.3073852295409181,0.24260265700483097,0.2964363636363636,0.3514056224899598,0.21218335343787692
"Communications and Intelligence
Specialists",Transportation and Warehousing,0.022662889518413602,0.02113891285591027,0.010067114093959731,0.38576680672268915,0.3912175648702595,0.6427320490367777,0.4375452570601013,0.5208045447566405,0.5609903381642511,0.5698909090909091,0.5794944483817623,0.655850422195416
"Communications and Intelligence
Specialists",Information,0.012950222581950629,0.01898188093183779,0.012648425400103254,0.18434873949579833,0.25304945664227096,0.38134851138353765,0.18482983345401882,0.293106095501305,0.387530193236715,0.24887272727272725,0.28325064965745334,0.4586248492159228
"Communications and Intelligence
Specialists",Finance and Insurance,0.21266693646297047,0.17169974115616912,0.10686628807434179,0.7232142857142858,0.7152361942781104,0.7154115586690019,0.7986965966690803,0.7471211423307231,0.753623188405797,0.9069090909090909,0.7774627923458541,0.798552472858866
"Communications and Intelligence
Specialists",Real Estate and Rental and Leasing,0.0038445973290165934,0.00086281276962899,0.002065049044914816,0.3387605042016807,0.4167221113328897,0.49759194395796846,0.447139753801593,0.43037002917242434,0.5769927536231884,0.5856,0.5388613276635956,0.6681544028950541
"Communications and Intelligence
Specialists",Management of Companies and Enterprises,0.05503844597329016,0.06406384814495256,0.05317501290655654,0.3132878151260504,0.35573297848746943,0.43717162872154114,0.4364590876176683,0.3724857976354982,0.4094202898550725,0.44596363636363634,0.3641625324828726,0.3313630880579011
"Communications and Intelligence
Specialists","Administrative and Support and Waste
Management and Remediation Services",0.029138000809388914,0.055220017256255395,0.06220960247805885,0.15756302521008403,0.15812818806830786,0.26291593695271454,0.15496017378711074,0.16520804544756634,0.2783816425120773,0.16712727272727268,0.1964327899834633,0.27587454764776836
"Communications and Intelligence
Specialists",Educational Services,0.02387697288547147,0.018334771354616048,0.011615900877645843,0.03308823529411764,0.010423597249944572,0.002189141856392296,0.027154236060825454,0.0,0.013737922705313987,0.041309090909090906,0.0,0.018094089264173663
"Communications and Intelligence
Specialists",Health Care and Social Assistance,0.007284500202347227,0.009059534081104402,0.0012906556530717598,0.17043067226890762,0.18939897981814147,0.25350262697022774,0.225199131064446,0.1919238446184554,0.26056763285024154,0.34123636363636367,0.18662886841483578,0.21037394451145958
"Communications and Intelligence
Specialists","Arts, Entertainment, and Recreation",0.060299473897207606,0.0778688524590164,0.0673722250903459,0.3700105042016807,0.41716566866267457,0.500875656742557,0.3254887762490948,0.3469983110701674,0.44202898550724634,0.29352727272727275,0.3342782896291046,0.37635705669481295
"Communications and Intelligence
Specialists",Accommodation and Food Services,0.14305949008498584,0.225625539257981,0.21321631388745482,0.5538340336134454,0.6385007762253271,0.7513134851138353,0.47393193338160744,0.5656379548595116,0.7083333333333334,0.5371636363636364,0.5432317505315378,0.6259348612786488
"Communications and Intelligence
Specialists",Other Services (except Public Administration),0.056050182112505065,0.03817946505608283,0.02581311306143521,0.576155462184874,0.7216677755599911,0.7898423817863397,0.6174873280231715,0.7070474435743896,0.8446557971014493,0.6885818181818182,0.7061185920151194,0.8914354644149576
"Communications and Intelligence
Specialists",Public Administration,0.013354917037636584,0.026747195858498704,0.018069179143004648,0.3660714285714286,0.5131958305611,0.7200087565674257,0.34811730629978277,0.5117457392906495,0.6458333333333334,0.39039999999999997,0.566619418851878,0.5661037394451145
"Communications and Intelligence
Specialists",Federal Government,0.2626467017401862,0.20211389128559104,0.1089313371192566,0.22636554621848737,0.24395653138168105,0.367338003502627,0.25796524257784215,0.27928757868877624,0.34797705314009664,0.3258181818181818,0.3536498936924167,0.380940892641737
Health Care Specialists,Construction,0.2434237150951032,0.20987920621225195,0.11280330407847186,0.36843487394957986,0.38412064759370146,0.4873029772329247,0.44840695148443155,0.4340549669890987,0.49577294685990336,0.5937454545454546,0.5525631939522797,0.5226779252110976
Health Care Specialists,Manufacturing,0.2626467017401862,0.2314495254529767,0.1773360867320599,0.23450630252100846,0.28831226436016855,0.3629597197898424,0.24764663287472843,0.284047290035314,0.37032004830917875,0.2634181818181818,0.31490668556579254,0.37949336550060314
Health Care Specialists,Wholesale Trade,0.10137596114933226,0.07937877480586714,0.04388229220443986,0.18855042016806722,0.2610334885783987,0.25350262697022774,0.24619840695148443,0.25533548288039304,0.22041062801932365,0.28625454545454543,0.255256319395228,0.1770808202653799
Health Care Specialists,Retail Trade,0.08660461351679483,0.08218291630716135,0.06504904491481672,0.3040966386554622,0.3477489465513417,0.4503064798598949,0.37997827661115124,0.42745278673422377,0.5843900966183575,0.5204363636363636,0.5470115757146232,0.6019300361881785
Health Care Specialists,Transportation and Warehousing,0.39761230271145287,0.43119068162208807,0.35415591120289114,0.38261554621848737,0.3098247948547349,0.36690017513134854,0.477009413468501,0.38139106402579454,0.37650966183574874,0.4869818181818182,0.3987715568154973,0.3427020506634499
Health Care Specialists,"Professional, Scientific, and Technical Services",0.15702144880615135,0.12877480586712683,0.0673722250903459,0.22872899159663862,0.16633399866932796,0.19877408056042034,0.28041274438812447,0.23598955934285276,0.2678140096618358,0.3268363636363636,0.25702811244979923,0.2547647768395657
Health Care Specialists,"Administrative and Support and Waste
Management and Remediation Services",0.03723188992310805,0.01466781708369284,0.007485802787816211,0.20824579831932777,0.23087159015302727,0.25809982486865146,0.21343229543808828,0.21173038538307992,0.24260265700483097,0.20770909090909095,0.23529411764705882,0.17117008443908316
Health Care Specialists,Educational Services,0.19303925536220154,0.14236410698878343,0.09525038719669593,0.6352415966386555,0.7467287646928366,0.9152802101576182,0.6520637219406227,0.7604790419161676,0.8718297101449276,0.7047272727272726,0.7800614221592252,0.8528347406513872
Health Care Specialists,Health Care and Social Assistance,0.032577903682719546,0.048533218291630716,0.049561177077955605,0.4860819327731093,0.6755378132623641,0.851138353765324,0.49909485879797244,0.6549976969138647,0.7952898550724637,0.5208727272727273,0.6573352232459249,0.7937273823884197
Health Care Specialists,Public Administration,0.08943747470659652,0.10461604831751511,0.07485802787816212,0.20824579831932777,0.235307163450876,0.3695271453590193,0.23787110789283128,0.2754491017964072,0.3343900966183575,0.2654545454545455,0.2670682730923695,0.33691194209891434
Health Care Specialists,Federal Government,0.20254957507082152,0.12920621225194132,0.09370160041300982,0.28361344537815125,0.30006653359946767,0.36361646234676015,0.3124547429398986,0.31414094887148775,0.366243961352657,0.30850909090909096,0.2918733758563667,0.2919179734620024
Other Allied Professions,Construction,0.05787130716309187,0.056729939603106135,0.03562209602478059,0.12316176470588236,0.09447771124417831,0.09916812609457093,0.12110789283128165,0.12144940887455857,0.1595712560386473,0.1464727272727273,0.1539097566737539,0.10349819059107351
Other Allied Professions,Manufacturing,0.20740590853905302,0.159404659188956,0.11306143520908621,0.05567226890756305,0.004213794632956291,0.01663747810858146,0.04960173787110789,0.0033778596652848103,0.004679951690821249,0.06094545454545458,0.045594141270966226,0.008082026537997555
Other Allied Professions,Wholesale Trade,0.45507891541885875,0.31751509922346854,0.19695405265875066,0.2597163865546218,0.27811044577511645,0.29794220665499127,0.2880159304851556,0.30293259634577,0.3060084541062802,0.3303272727272727,0.3034490904795653,0.2854041013268998
Other Allied Professions,Retail Trade,0.40428976123027116,0.5071182053494392,0.43856479091378425,0.31381302521008403,0.40164116212020395,0.4435201401050788,0.2872918175235336,0.32504222324581605,0.3845108695652174,0.23869090909090906,0.30746515473659347,0.3556091676718938
Other Allied Professions,Transportation and Warehousing,0.03136382031566168,0.028041415012942196,0.014197212183789366,0.6465336134453783,0.5092038145930361,0.8739054290718039,0.64210716871832,0.7045908183632734,0.8594504830917874,0.6212363636363636,0.692062367115521,0.8745476477683956
Other Allied Professions,Information,0.010117361392148928,0.007981018119068161,0.005162622612287043,0.49264705882352944,0.677533821246396,0.7160683012259196,0.447139753801593,0.6264394288346384,0.6621376811594203,0.47621818181818176,0.625797306874557,0.738238841978287
Other Allied Professions,Finance and Insurance,0.2802509105625253,0.17471958584987057,0.10867320598864225,0.25210084033613445,0.31315147482812156,0.4209719789842382,0.26013758146270816,0.32166436358053124,0.4192330917874396,0.2772363636363636,0.3553035672100165,0.37949336550060314
Other Allied Professions,"Professional, Scientific, and Technical Services",0.08842573856738163,0.07808455565142364,0.051368094992256065,0.22951680672268915,0.27434020847194496,0.38922942206655,0.24583635047067343,0.27176416397973285,0.4314613526570048,0.27287272727272727,0.2716749350342547,0.42689987937273827
Other Allied Professions,Management of Companies and Enterprises,0.198097936058276,0.14603106125970663,0.08905524006195148,0.0737920168067227,0.07984031936127745,0.08822241681260945,0.07657494569152784,0.10456011054813447,0.10628019323671495,0.09934545454545457,0.11622962437987244,0.09143546441495781
Other Allied Professions,"Administrative and Support and Waste
Management and Remediation Services",0.11736139214892757,0.08498705780845556,0.05730511099638617,0.201155462184874,0.3056110002217787,0.25087565674255696,0.20763939174511226,0.31629049593121444,0.28577898550724634,0.2445090909090909,0.30498464446019374,0.2624849215922798
Other Allied Professions,Educational Services,0.024484014569000408,0.02696289905090595,0.019101703665462058,0.3177521008403361,0.3559547571523619,0.50284588441331,0.2883779869659666,0.3388607400583448,0.5427234299516908,0.3176727272727272,0.35849279470824474,0.4938480096501809
Other Allied Professions,Health Care and Social Assistance,0.025698097936058276,0.028904227782571186,0.019876097057305114,0.1743697478991597,0.28919937901973825,0.40170753064798603,0.20220854453294712,0.2995547366804851,0.4316123188405797,0.24,0.29305457122608075,0.4177322074788902
Other Allied Professions,Accommodation and Food Services,0.12282476730068798,0.11928386540120794,0.08518327310273618,0.4724264705882353,0.4428919937901974,0.5260507880910683,0.5570238957277335,0.5209580838323353,0.5975241545893719,0.6055272727272727,0.6077250177179305,0.6463208685162847
Other Allied Professions,Other Services (except Public Administration),0.005261027923917442,0.012942191544434857,0.010583376355188436,0.1924894957983193,0.28476380572188953,0.4141856392294221,0.24203475742215785,0.34147090434515576,0.3970410628019324,0.2808727272727273,0.35589416489487363,0.4008443908323281
Other Allied Professions,Public Administration,0.31626871711857546,0.19219154443485764,0.1109963861641714,0.1515231092436975,0.14326901752051446,0.13835376532399302,0.1918899348298334,0.1929986181483187,0.21316425120772942,0.2472727272727273,0.25336640680368533,0.20940892641737036
Other Allied Professions,Federal Government,0.05058680696074464,0.07765314926660916,0.07305110996386166,0.22137605042016806,0.2543801286316256,0.3296847635726795,0.26900796524257775,0.33932135728542906,0.34903381642512077,0.35941818181818186,0.3201039451925349,0.2566948130277443
"Functional Support and
Administration","Mining, Quarrying, and Oil and Gas Extraction",0.059692432213678676,0.052847282139775666,0.02632937532266391,0.04280462184873951,0.0,0.0,0.026973207820419953,0.017810532780592636,0.0,0.02589090909090913,0.07547838412473423,0.03823884197828703
"Functional Support and
Administration",Utilities,0.03541076487252125,0.02523727351164797,0.011615900877645843,0.2001050420168068,0.15457972943002884,0.22767075306479867,0.2145184648805213,0.2137263933671119,0.2569444444444444,0.25963636363636367,0.2318686510748878,0.23968636911942093
"Functional Support and
Administration",Construction,0.1357749898826386,0.16781708369283865,0.14429530201342283,0.3429621848739496,0.3994233754712796,0.468476357267951,0.2936278059377262,0.34546292031321973,0.40474033816425115,0.2564363636363637,0.346326482400189,0.4136308805790108
"Functional Support and
Administration",Manufacturing,0.2511129097531364,0.4467213114754099,0.47702632937532274,0.4642857142857143,0.5200709691727655,0.5702714535901927,0.3931933381607531,0.4245355442960233,0.47282608695652173,0.37338181818181815,0.3805811481218993,0.4208685162846803
"Functional Support and
Administration",Wholesale Trade,0.1218130311614731,0.07161345987920623,0.04801239029426949,0.5659138655462185,0.6458194721667775,0.7762697022767077,0.6192976104272265,0.676186089359742,0.8171799516908212,0.6373818181818183,0.6802504134183796,0.778045838359469
"Functional Support and
Administration",Retail Trade,0.03318494536624848,0.04443485763589301,0.03433144037170883,0.40493697478991597,0.5562208915502328,0.7044658493870403,0.40097755249818967,0.5003838476892368,0.6357185990338164,0.4168727272727273,0.5001181195369715,0.6103739445114595
"Functional Support and
Administration",Transportation and Warehousing,0.43201133144475923,0.31320103537532357,0.16546205472379968,0.20194327731092443,0.23464182745619866,0.29947460595446584,0.21614771904417085,0.25456778750191916,0.29528985507246375,0.2333090909090909,0.2736829671627687,0.2845597104945718
"Functional Support and
Administration",Information,0.6960744637798463,0.5573770491803278,0.38358286009292725,0.24684873949579833,0.28454202705699705,0.353984238178634,0.24275887038377986,0.27498848456932284,0.3375603864734299,0.2490181818181818,0.28124261752893925,0.29143546441495777
"Functional Support and
Administration",Finance and Insurance,0.3415621205989478,0.2635893011216566,0.16339700567888488,0.26129201680672276,0.26990463517409624,0.3126094570928196,0.2659304851556843,0.25855980346998314,0.32382246376811596,0.2685090909090909,0.2557287975431137,0.27575392038600727
"Functional Support and
Administration",Real Estate and Rental and Leasing,0.7583974099554837,0.5172562553925798,0.28213732576148687,0.1003151260504202,0.09092925260589929,0.12215411558668998,0.09703113685734971,0.11300475971134655,0.15157004830917875,0.11199999999999999,0.1366643042759273,0.13124246079613994
"Functional Support and
Administration",Management of Companies and Enterprises,0.10137596114933226,0.10289042277825713,0.06659783169850284,0.26129201680672276,0.3275670880461299,0.4524956217162872,0.29380883417813175,0.3138338707200982,0.43614130434782605,0.31403636363636367,0.3417198204583038,0.4331724969843184
"Functional Support and
Administration",Educational Services,0.09712666936462971,0.07226056945642795,0.0436241610738255,0.16675420168067223,0.16810822798846747,0.2257005253940455,0.1734250543084721,0.1701212958697988,0.19519927536231885,0.18792727272727272,0.186392629340893,0.1882991556091676
"Functional Support and
Administration",Health Care and Social Assistance,0.377579927154998,0.3554788610871441,0.23257614868353124,0.44065126050420167,0.44222665779552006,0.513353765323993,0.5153874004344677,0.48902195608782434,0.5809178743961353,0.6456727272727272,0.606425702811245,0.6574185765983112
"Functional Support and
Administration","Arts, Entertainment, and Recreation",0.0509915014164306,0.055220017256255395,0.036654620547238,0.18146008403361347,0.2517187846529164,0.32990367775831875,0.20021723388848656,0.31736526946107785,0.2936292270531401,0.26530909090909094,0.3968816442239546,0.4086851628468034
"Functional Support and
Administration",Accommodation and Food Services,0.17766086604613518,0.2178602243313201,0.18637067630356222,0.21638655462184875,0.18141494788201373,0.24124343257443082,0.28005068790731347,0.25349301397205587,0.28985507246376807,0.34792727272727275,0.2854949208599102,0.25657418576598306
"Functional Support and
Administration",Other Services (except Public Administration),0.32152974504249293,0.4197584124245039,0.3554465668559629,0.1255252100840336,0.1290751829673985,0.16506129597197905,0.13233164373642287,0.1282051282051282,0.17753623188405798,0.128,0.14150720529175526,0.1535585042219541
"Functional Support and
Administration",Public Administration,0.0896398219344395,0.06988783433994825,0.029943211151264845,0.12841386554621848,0.16278554003104895,0.15280210157618213,0.12002172338884864,0.16889298326424068,0.22267512077294682,0.12581818181818183,0.2208835341365462,0.17949336550060307
"Electrical/Mechanical Equipment
Repairers","Agriculture, Forestry, Fishing and Hunting",0.8466208012950223,0.8880500431406385,0.6747547754259164,0.35399159663865554,0.42027056997116874,0.47810858143607704,0.3117306299782766,0.36526946107784425,0.4429347826086957,0.2711272727272728,0.3561304039688164,0.42255729794933655
"Electrical/Mechanical Equipment
Repairers","Mining, Quarrying, and Oil and Gas Extraction",0.08822339133953865,0.08843830888697152,0.09060402684563759,0.13576680672268904,0.16544688400975827,0.1510507880910683,0.16093410572049238,0.17687701520036853,0.16394927536231885,0.15447272727272732,0.18060477202929365,0.09915560916767191
"Electrical/Mechanical Equipment
Repairers",Utilities,0.3925536220153784,0.5159620362381363,0.5591120289106867,0.5470063025210085,0.6897316478154801,0.8395359019264449,0.5637219406227371,0.6906187624750499,0.8478260869565216,0.5732363636363637,0.7016300496102055,0.8455971049457176
"Electrical/Mechanical Equipment
Repairers",Construction,0.1622824767300688,0.2896893874029336,0.3515745998967476,0.4136029411764707,0.5992459525393656,0.7865586690017513,0.41401158580738595,0.5871334254567786,0.7430555555555555,0.4533818181818182,0.5963855421686748,0.6986731001206272
"Electrical/Mechanical Equipment
Repairers",Wholesale Trade,0.5584783488466208,0.5258843830888698,0.4442436757873,0.1788340336134454,0.21512530494566418,0.2753940455341506,0.21886314265025342,0.24105634884077992,0.27943840579710144,0.24043636363636367,0.25041341837939995,0.2585042219541616
"Electrical/Mechanical Equipment
Repairers",Information,0.9156212059894779,0.8899913718723037,0.7250903458957151,0.2148109243697479,0.21623419827012635,0.2489054290718039,0.26466328747284573,0.2680792261630585,0.27974033816425126,0.2946909090909091,0.2815969761398535,0.2536791314837153
"Electrical/Mechanical Equipment
Repairers",Finance and Insurance,0.7486847430190207,0.8703623813632442,0.5085183273102737,0.3264180672268908,0.3856730982479485,0.48971103327495624,0.3620564808110065,0.4024259173959773,0.48580917874396135,0.41207272727272726,0.42463973541223715,0.48021712907117003
"Electrical/Mechanical Equipment
Repairers",Real Estate and Rental and Leasing,0.7936058276001619,0.9799396031061259,1.0,0.2597163865546218,0.3182523841206476,0.4325744308231174,0.3339971035481535,0.37847382158759396,0.466183574879227,0.4059636363636363,0.44649184975194894,0.5050663449939685
"Electrical/Mechanical Equipment
Repairers","Professional, Scientific, and Technical Services",0.02974504249291785,0.03192407247627265,0.027361899845121322,0.12211134453781514,0.1918385451319583,0.15827495621716292,0.14337436640115853,0.16996775679410409,0.19791666666666663,0.13614545454545457,0.1665485471296953,0.12738238841978283
"Electrical/Mechanical Equipment
Repairers",Management of Companies and Enterprises,0.14852286523674627,0.20081967213114754,0.22896231285493032,0.5131302521008404,0.6983810157462852,0.8264010507880911,0.5477914554670528,0.6920006141563029,0.8312198067632851,0.5480727272727273,0.6952515946137492,0.8323281061519903
"Electrical/Mechanical Equipment
Repairers",Educational Services,0.48057466612707406,0.5293356341673857,0.5265875064532783,0.23266806722689082,0.2869815923708139,0.361646234676007,0.23569876900796516,0.29372025180408406,0.3443538647342995,0.2455272727272727,0.292818332152138,0.319059107358263
"Electrical/Mechanical Equipment
Repairers",Health Care and Social Assistance,0.5683933630109268,0.5944779982743744,0.5562725864739289,0.19432773109243695,0.23819028609447768,0.30275831873905434,0.22031136857349742,0.2690004606172271,0.30842391304347827,0.24058181818181823,0.2853768013229388,0.2726176115802171
"Electrical/Mechanical Equipment
Repairers","Arts, Entertainment, and Recreation",0.19971671388101983,0.2476272648835203,0.2392875580795044,0.2854516806722689,0.3457529385673098,0.4778896672504379,0.3113685734974656,0.32703823122984793,0.4714673913043478,0.3246545454545454,0.365107488778644,0.4739445114595899
"Electrical/Mechanical Equipment
Repairers",Accommodation and Food Services,0.1558073654390935,0.22217428817946505,0.22715539494062986,0.23319327731092443,0.2925260589931248,0.43936077057793343,0.2404055032585083,0.2904959312144941,0.415006038647343,0.22836363636363632,0.28596739900779594,0.44101326899879373
"Electrical/Mechanical Equipment
Repairers",Other Services (except Public Administration),0.1592472683124241,0.14818809318377912,0.12364481156427465,0.1475840336134454,0.17764471057884235,0.24408931698774083,0.1578566256335988,0.2137263933671119,0.2755132850241546,0.17585454545454549,0.21840302386014648,0.24016887816646565
"Electrical/Mechanical Equipment
Repairers",Public Administration,0.632132739781465,0.859792924935289,0.7782653588022717,0.5007878151260504,0.5670880461299622,0.6374781085814362,0.5825488776249095,0.5988023952095807,0.6520229468599034,0.6846545454545454,0.7247814788566029,0.7145958986731
Craftsworkers,"Mining, Quarrying, and Oil and Gas Extraction",0.11594496155402673,0.1264020707506471,0.10015487867836861,0.100577731092437,0.11865158571745393,0.13835376532399302,0.11459087617668351,0.14970059880239522,0.18282004830917875,0.11360000000000003,0.18946373730214977,0.23751507840772007
Craftsworkers,Utilities,0.42047753945770944,0.3824417601380501,0.3172431595250388,0.03623949579831931,0.015746285207363042,0.04246935201401053,0.03982621288921068,0.02564102564102566,0.03955314009661837,0.034618181818181826,0.06260335459485,0.029312424607961407
Craftsworkers,Construction,0.23634156212059895,0.2385677308024159,0.20469798657718122,0.16780462184873957,0.17720115324905739,0.2257005253940455,0.21270818247646628,0.23261169967756795,0.2684178743961353,0.2392727272727273,0.23529411764705882,0.2271411338962605
Craftsworkers,Manufacturing,0.013152569809793605,0.019844693701466784,0.017552916881775942,0.5903361344537815,0.6396096695497894,0.8218038528896673,0.7313540912382331,0.7084292952556426,0.9679951690821257,0.7586909090909091,0.726789510985117,0.8974668275030155
Craftsworkers,Wholesale Trade,0.17037636584378793,0.1458153580672994,0.1104801239029427,0.24789915966386555,0.2894211576846307,0.3920753064798599,0.279869659666908,0.3144480270228773,0.38934178743961356,0.3261090909090909,0.32778171509567683,0.4094089264173703
Craftsworkers,Retail Trade,0.23047349251315258,0.27868852459016397,0.2488384099122354,0.3660714285714286,0.40341539143934346,0.4934325744308231,0.39518464880521353,0.4193152157224013,0.47282608695652173,0.47490909090909095,0.45995747696669026,0.490108564535585
Craftsworkers,Transportation and Warehousing,0.10623229461756374,0.1186367558239862,0.11538461538461539,0.40362394957983194,0.4162785540031049,0.492338003502627,0.4444243301955104,0.40565023798556726,0.4593900966183575,0.5637818181818182,0.4741318214032601,0.45765983112183356
Craftsworkers,Information,0.18696883852691218,0.16501294219154444,0.1179659266907589,0.07773109243697479,0.11044577511643378,0.1615586690017513,0.09214337436640113,0.12068171349608475,0.18478260869565222,0.10763636363636364,0.14068036853295535,0.19264173703256932
Craftsworkers,Finance and Insurance,0.07284500202347229,0.07808455565142364,0.0684047496128033,0.209296218487395,0.23042803282324242,0.2572241681260946,0.254706734250543,0.2895746967603255,0.37001811594202894,0.3330909090909091,0.388731396172927,0.3271411338962605
Craftsworkers,Real Estate and Rental and Leasing,0.2810602994738972,0.277825711820535,0.22379969024264326,0.5409663865546219,0.6092259924595254,0.7964098073555167,0.639572773352643,0.6387225548902196,0.7339975845410628,0.7028363636363637,0.6704464918497519,0.678769601930036
Craftsworkers,"Professional, Scientific, and Technical Services",0.025495750708215296,0.048533218291630716,0.0431078988125968,0.19485294117647056,0.30383677090263916,0.3898861646234676,0.2052860246198407,0.3047750652541072,0.3910024154589372,0.24130909090909092,0.3454996456413891,0.4174909529553679
Craftsworkers,Management of Companies and Enterprises,0.018413597733711047,0.019844693701466784,0.008002065049044917,0.19065126050420167,0.18030605455755155,0.30713660245183894,0.22827661115133957,0.20651005680945794,0.2809480676328502,0.25236363636363635,0.2563193952279707,0.27104945717732204
Craftsworkers,"Administrative and Support and Waste
Management and Remediation Services",0.39660056657223797,0.47325280414150134,0.38487351574599904,0.8266806722689075,0.8354402306498113,0.8712784588441332,0.8510137581462708,0.8438507600184246,0.8792270531400966,0.918690909090909,0.9007795889440113,0.9203860072376355
Craftsworkers,Educational Services,0.021448806151355727,0.02200172562553926,0.027361899845121322,0.3350840336134454,0.4453315591040141,0.6414185639229423,0.46089790007241127,0.4788883770919699,0.5982789855072463,0.7866181818181819,0.5194897236002836,0.555006031363088
Craftsworkers,Health Care and Social Assistance,0.2531363820315662,0.2092320966350302,0.15823438306659784,0.1696428571428572,0.17587048125970284,0.2206654991243433,0.21017378711078927,0.24596959926301237,0.29196859903381644,0.30254545454545456,0.3336876919442476,0.3043425814234017
Craftsworkers,"Arts, Entertainment, and Recreation",0.04067179279643869,0.06988783433994825,0.08002065049044915,0.32405462184873957,0.27145708582834327,0.3345008756567426,0.3846850108616944,0.3236603715645631,0.34193840579710144,0.44770909090909095,0.29836995038979447,0.27563329312424606
Craftsworkers,Accommodation and Food Services,0.047146904087414,0.10181190681622088,0.12364481156427465,0.1785714285714286,0.19383455311599018,0.29728546409807355,0.19985517740767555,0.20313219714417313,0.32684178743961356,0.18472727272727274,0.25962674226317034,0.320627261761158
Craftsworkers,Other Services (except Public Administration),0.007082152974504251,0.0073339085418464185,0.005162622612287043,0.07983193277310924,0.1632290973608339,0.1757880910683013,0.11549601737871107,0.17641639797328418,0.1873490338164251,0.1138909090909091,0.21568627450980388,0.15946924004825086
Craftsworkers,Public Administration,0.056050182112505065,0.05651423641069888,0.04388229220443986,0.04044117647058826,0.013972055888223534,0.03940455341506133,0.044532947139753754,0.02487333026255184,0.03260869565217389,0.054254545454545444,0.05551618237656508,0.018938480096501786
Craftsworkers,Federal Government,0.03642250101173614,0.04270923209663503,0.028910686628807435,0.19747899159663862,0.3357728986471501,0.3601138353765324,0.3017740767559739,0.3572854291417165,0.34269323671497587,0.3614545454545455,0.408929836995039,0.3675512665862484
Service and Supply Handlers,"Mining, Quarrying, and Oil and Gas Extraction",0.026102792391744234,0.03731665228645384,0.03536396489416624,0.5409663865546219,0.6737635839432247,0.8163309982486865,0.533128167994207,0.6511592200214955,0.7993659420289855,0.5866181818181818,0.649657453342783,0.8419782870928829
Service and Supply Handlers,Utilities,0.00424929178470255,0.022648835202761,0.025038719669592154,0.4411764705882353,0.5639831448214682,0.8200525394045534,0.45057929036929756,0.5908183632734529,0.7145229468599034,0.4795636363636363,0.5825655563430192,0.7136308805790108
Service and Supply Handlers,Construction,0.25475515985431,0.24201898188093182,0.19359834796076408,0.20325630252100846,0.2765579951208693,0.3264010507880911,0.2351556842867487,0.30661753416244436,0.3660929951690821,0.2731636363636364,0.34927947082447436,0.4080820265379976
Service and Supply Handlers,Manufacturing,0.34378794010522057,0.39106988783434,0.3864223025296851,0.2891281512605042,0.35750720780660894,0.45709281961471104,0.30865314989138304,0.3735605711653615,0.4752415458937198,0.38981818181818184,0.4287739192062367,0.4899879372738239
Service and Supply Handlers,Wholesale Trade,0.1529745042492918,0.1676013805004314,0.16881775942178628,0.2977941176470589,0.33555111998225773,0.4174693520140106,0.3173425054308472,0.358974358974359,0.4159118357487923,0.3659636363636364,0.4287739192062367,0.5338962605548854
Service and Supply Handlers,Retail Trade,0.4265479562929988,0.32937877480586714,0.25425916365513684,0.08823529411764708,0.08715901530272785,0.12521891418563924,0.10499637943519186,0.12590204206970673,0.16002415458937203,0.12858181818181824,0.15178360500826832,0.1569360675512666
Service and Supply Handlers,Transportation and Warehousing,0.17057871307163092,0.16393442622950818,0.14506969540526587,0.19984243697478998,0.27633621645597695,0.2920315236427321,0.24873280231716144,0.2975587286964532,0.3375603864734299,0.33076363636363637,0.3544767304512166,0.36887816646562116
Service and Supply Handlers,Information,0.22399838122217727,0.23425366695427094,0.19256582343830667,0.5330882352941176,0.5280550011088933,0.6392294220665499,0.6426502534395365,0.611085521265162,0.6595712560386474,0.7332363636363637,0.6387904559414128,0.6435464414957779
Service and Supply Handlers,Finance and Insurance,0.08316471064346419,0.10698878343399482,0.1104801239029427,0.25997899159663873,0.3337768906631182,0.49759194395796846,0.26339608979000717,0.3453093812375249,0.4429347826086957,0.28,0.3543586109142452,0.462605548854041
Service and Supply Handlers,Real Estate and Rental and Leasing,0.03844597329016593,0.03817946505608283,0.02916881775942179,0.1420693277310925,0.19161676646706582,0.2672942206654991,0.20166545981173056,0.2439735912789805,0.3592995169082126,0.19403636363636367,0.2765178360500827,0.3353437876960193
Service and Supply Handlers,"Professional, Scientific, and Technical Services",0.9235127478753541,1.0000000000000002,0.7302529685080021,1.0,0.9999999999999999,1.0,0.9999999999999999,1.0,0.9999999999999999,1.0,1.0,1.0
Service and Supply Handlers,Management of Companies and Enterprises,0.03783893160663699,0.04896462467644521,0.04491481672689727,0.3799894957983193,0.43779108449767123,0.5032837127845885,0.47827661115133957,0.4986949178565944,0.5323067632850241,0.7522909090909091,0.7449799196787148,0.5661037394451145
Service and Supply Handlers,Educational Services,0.10137596114933226,0.17644521138912855,0.20289106866288076,0.27363445378151263,0.31115546684408957,0.4144045534150613,0.3606082548877625,0.3419315215722401,0.371225845410628,0.4363636363636364,0.35861091424521613,0.2920386007237636
Service and Supply Handlers,Health Care and Social Assistance,0.0953055443140429,0.18528904227782572,0.21218378936499743,0.15861344537815125,0.17697937458416502,0.3185201401050788,0.1705286024619841,0.21986795639490248,0.331219806763285,0.1744,0.2363571934798016,0.31435464414957776
Service and Supply Handlers,"Arts, Entertainment, and Recreation",0.03318494536624848,0.03645383951682485,0.023748064016520395,0.09926470588235298,0.13972055888223556,0.16330998248686512,0.10481535119478635,0.18716413327191767,0.2281099033816425,0.15607272727272725,0.21663123080557528,0.33353437876960196
Service and Supply Handlers,Accommodation and Food Services,0.14204775394577093,0.12381363244176014,0.08699019101703667,0.04385504201680673,0.024395653138168105,0.045971978984238215,0.04073135409123824,0.028097650852141887,0.05917874396135264,0.041309090909090906,0.044531065438223494,0.02605548854041012
Service and Supply Handlers,Other Services (except Public Administration),0.06333468231485229,0.08175150992234687,0.06117707795560145,0.2048319327731093,0.22155688622754488,0.23883537653239928,0.25724112961622014,0.27161062490403803,0.29785628019323673,0.30676363636363635,0.3287266713914481,0.33775633293124246
Service and Supply Handlers,Public Administration,0.2274382840955079,0.3794219154443486,0.3678368611254518,0.3434873949579832,0.42648037258815696,0.5177320490367776,0.30792903692976104,0.3777061262091202,0.4618055555555556,0.2709818181818182,0.3626269785022443,0.4284680337756333
All occupations,"Agriculture, Forestry, Fishing and Hunting",0.05422905706191826,0.06406384814495256,0.046205472379969026,0.42673319327731096,0.4484364604125083,0.5853765323992995,0.4333816075307747,0.46199907876554575,0.5789553140096618,0.4833454545454545,0.4640916607606898,0.48805790108564534
All occupations,"Mining, Quarrying, and Oil and Gas Extraction",0.018615944961554026,0.016177739430543573,0.00980898296334538,0.32247899159663873,0.43224661787536034,0.43717162872154114,0.36857349746560464,0.5390756947643174,0.4630132850241546,0.4408727272727273,0.5289392865579967,0.572496984318456
All occupations,Utilities,0.04856333468231486,0.03968938740293357,0.017811048012390297,0.1137079831932773,0.1264138389886893,0.18607705779334505,0.140296886314265,0.1406417933364041,0.2309782608695652,0.1838545454545455,0.20351996220174812,0.2072376357056695
All occupations,Finance and Insurance,0.12302711452853096,0.2113891285591027,0.10273618998451214,0.5341386554621849,0.5673098247948547,0.6854203152364274,0.448950036205648,0.4758175955780746,0.5751811594202898,0.43970909090909094,0.43538861327663597,0.5193003618817853
All occupations,Real Estate and Rental and Leasing,0.025091056252529345,0.02847282139775669,0.017552916881775942,0.22715336134453779,0.297183410955866,0.4240367775831875,0.27045619116582187,0.30999539382772917,0.4441425120772947,0.31127272727272726,0.3825891802504134,0.47237635705669484
All occupations,Management of Companies and Enterprises,0.016390125455281263,0.02006039689387403,0.016778523489932886,0.32405462184873957,0.3763583943224661,0.35639229422066554,0.3216871832005792,0.30554276063258096,0.42617753623188404,0.4440727272727273,0.3822348216394991,0.44270205066344986
All occupations,"Arts, Entertainment, and Recreation",0.004856333468231484,0.011647972389991372,0.012132163138874549,0.19327731092436973,0.2415169660678642,0.3734676007005254,0.16908037653873997,0.2353754030400737,0.3819444444444444,0.21425454545454548,0.2537207654145996,0.425211097708082
All occupations,Other Services (except Public Administration),0.0,0.0,0.0,0.40441176470588236,0.2231093368817919,0.6503940455341507,0.38703837798696594,0.39582373714110236,0.5769927536231884,0.49163636363636365,0.35187810063784547,0.5984318455971049
Health Care Specialists,All NAICS sectors,0.035613112100364226,0.06233822260569457,0.06969540526587506,0.366859243697479,0.43402084719449985,0.5050350262697023,0.3269370021723389,0.36311991401811755,0.44233091787439616,0.30152727272727275,0.3436097330498465,0.37949336550060314
Other Allied Professions,All NAICS sectors,0.08316471064346419,0.17105263157894737,0.21244192049561178,0.5304621848739496,0.6289642936349523,0.7438704028021016,0.4330195510499637,0.5541225241824044,0.7090881642512078,0.47243636363636365,0.5331915898889676,0.6255729794933653
"Infantry, Gun Crews, and
Seamanship Specialists","Agriculture, Forestry, Fishing and Hunting",0.031970861999190615,0.043356341673856776,0.033815178110480126,0.13471638655462181,0.12752273231315148,0.10004378283712789,0.1303403330919623,0.14125594963918314,0.1592693236714976,0.15214545454545458,0.16891093786912353,0.11640530759951745
"Infantry, Gun Crews, and
Seamanship Specialists","Mining, Quarrying, and Oil and Gas Extraction",0.13010926750303523,0.12553925798101812,0.11280330407847186,0.03886554621848742,0.0064315812818806495,0.015323992994746072,0.04525706010137581,0.006295102103485328,0.003019323671497598,0.051927272727272766,0.0517363571934798,0.0
"Infantry, Gun Crews, and
Seamanship Specialists",Utilities,0.29077296641036016,0.2581967213114754,0.19540526587506454,0.2757352941176471,0.29651807496118876,0.2992556917688266,0.29525706010137576,0.32381391064025794,0.3088768115942029,0.3188363636363636,0.32045830380344914,0.2895054282267792
"Infantry, Gun Crews, and
Seamanship Specialists",Wholesale Trade,0.0022258195062727637,0.004961173425366696,0.0054207537429013936,0.4779411764705883,0.5198491905078731,0.7119089316987742,0.44134685010861685,0.6164593889144787,0.6692330917874395,0.3790545454545454,0.5910701630049611,0.6790108564535584
"Infantry, Gun Crews, and
Seamanship Specialists",Transportation and Warehousing,0.14973694860380413,0.1486194995685936,0.14713474445018068,0.27521008403361347,0.29474384564204925,0.3345008756567426,0.27968863142650247,0.3235068324888684,0.3309178743961353,0.2782545454545454,0.31419796834396413,0.3034981905910736
"Infantry, Gun Crews, and
Seamanship Specialists",Information,0.0528126264670174,0.05888697152717861,0.05059370160041301,0.22557773109243695,0.3118208028387669,0.3920753064798599,0.2677407675597393,0.30293259634577,0.43568840579710144,0.31650909090909096,0.292818332152138,0.4246079613992762
"Infantry, Gun Crews, and
Seamanship Specialists",Finance and Insurance,0.13537029542695264,0.114106988783434,0.08853897780072278,0.06775210084033617,0.08383233532934131,0.09303852889667252,0.07711803041274434,0.11100875172731461,0.11775362318840582,0.09541818181818185,0.1289865343727853,0.10036188178528344
"Infantry, Gun Crews, and
Seamanship Specialists",Real Estate and Rental and Leasing,0.0584783488466208,0.06600517687661778,0.05937016004130099,0.1922268907563025,0.27367487247726763,0.2510945709281962,0.21976828385228087,0.30339321357285426,0.2946859903381642,0.25338181818181815,0.2989605480746515,0.28986731001206273
"Infantry, Gun Crews, and
Seamanship Specialists","Professional, Scientific, and Technical Services",0.0141643059490085,0.024805867126833477,0.02194114610221993,0.3174894957983193,0.36305167442891995,0.4796409807355517,0.31444605358435906,0.32918777828957463,0.5170591787439613,0.3533090909090909,0.3641625324828726,0.497708082026538
"Infantry, Gun Crews, and
Seamanship Specialists",Management of Companies and Enterprises,0.018615944961554026,0.02178602243313201,0.018327310273619002,0.16176470588235292,0.2840984697272122,0.4253502626970228,0.2145184648805213,0.3159834177798249,0.4030797101449275,0.2702545454545454,0.2980155917788802,0.39131483715319665
"Infantry, Gun Crews, and
Seamanship Specialists",Educational Services,0.08437879401052206,0.09728213977566869,0.08802271553949406,0.5257352941176471,0.45686404967842087,0.5013134851138354,0.560825488776249,0.5363119914018117,0.5855978260869565,0.5611636363636363,0.6334750767776991,0.6424607961399276
"Infantry, Gun Crews, and
Seamanship Specialists",Health Care and Social Assistance,0.0006070416835289357,0.008196721311475409,0.007743933918430562,0.2455357142857143,0.3082723442004879,0.4700087565674256,0.3091962346125995,0.34669123291877785,0.4159118357487923,0.29032727272727277,0.3797543113630995,0.39601930036188177
"Infantry, Gun Crews, and
Seamanship Specialists","Arts, Entertainment, and Recreation",0.22157021448806152,0.15703192407247626,0.11254517294785751,0.1788340336134454,0.1567975160789532,0.14338879159369533,0.22900072411296157,0.2233993551358821,0.21950483091787443,0.28261818181818177,0.27663595558705406,0.21338962605548856
"Infantry, Gun Crews, and
Seamanship Specialists",Accommodation and Food Services,0.03702954269526508,0.06686798964624677,0.07072792978833248,0.27074579831932777,0.2785540031049013,0.3423817863397548,0.3050325850832729,0.3353293413173652,0.34797705314009664,0.3560727272727273,0.3110087408457359,0.2620024125452352
"Infantry, Gun Crews, and
Seamanship Specialists",Other Services (except Public Administration),0.32152974504249293,0.4195427092320967,0.42901393908105323,0.23529411764705888,0.2936349523175871,0.399737302977233,0.254344677769732,0.32934131736526945,0.4214975845410628,0.2946909090909091,0.3608551854476731,0.3864897466827503
Electronic Equipment Repairers,"Mining, Quarrying, and Oil and Gas Extraction",0.09368676649129908,0.1421484037963762,0.14429530201342283,0.35057773109243695,0.4069638500776225,0.46694395796847643,0.3014120202751629,0.35452172577921076,0.3991545893719807,0.2637090909090909,0.356012284431845,0.40699638118214715
Electronic Equipment Repairers,Construction,0.0339943342776204,0.042493528904227786,0.04543107898812597,0.5186449579831933,0.6203149257041473,0.8445709281961472,0.5173787110789283,0.6244434208506064,0.8390700483091788,0.5448727272727273,0.6218993621545004,0.784077201447527
Electronic Equipment Repairers,Manufacturing,0.015985430999595304,0.030629853321829166,0.03484770263293754,0.514968487394958,0.5834996673320026,0.6946147110332751,0.41147719044170883,0.5103638876093965,0.6114130434782609,0.38559999999999994,0.5113394755492557,0.5767189384800964
Electronic Equipment Repairers,Wholesale Trade,0.2207608255766896,0.2236842105263158,0.16778523489932887,0.1961659663865546,0.2435129740518962,0.298598949211909,0.2063721940622737,0.25963457699984643,0.2942330917874396,0.2253090909090909,0.27510040160642574,0.2808202653799759
Electronic Equipment Repairers,Retail Trade,0.3814245244840146,0.39861949956859366,0.3856479091378421,0.24474789915966388,0.28276779773785754,0.35201401050788095,0.2418537291817523,0.2800552740672501,0.3380132850241546,0.2465454545454545,0.2827781715095677,0.2971049457177322
Electronic Equipment Repairers,Transportation and Warehousing,0.1782679077296641,0.18938740293356343,0.1644295302013423,0.26628151260504207,0.26879574184963406,0.31436077057793343,0.25868935553946415,0.2550284047290035,0.3242753623188406,0.2612363636363636,0.25218521143397116,0.27961399276236426
Electronic Equipment Repairers,Information,0.433832456495346,0.3822260569456428,0.2829117191533299,0.09453781512605042,0.09891328454202702,0.12018388791593693,0.10282404055032585,0.1332719177030554,0.1494565217391305,0.12290909090909091,0.14894873612095444,0.12750301568154404
Electronic Equipment Repairers,Finance and Insurance,0.33083771752326996,0.297886108714409,0.27258647392875585,0.24185924369747902,0.2738966511421601,0.28064798598949214,0.2691889934829833,0.2875786887762935,0.3031400966183575,0.30007272727272727,0.29033782187573826,0.26441495778045837
Electronic Equipment Repairers,Real Estate and Rental and Leasing,0.060704168352893564,0.08239861949956859,0.06608156943727414,0.22662815126050417,0.33444222665779544,0.43717162872154114,0.28276611151339603,0.3170581913096883,0.4189311594202898,0.2996363636363636,0.3477439168438459,0.417611580217129
Electronic Equipment Repairers,"Professional, Scientific, and Technical Services",0.07466612707405909,0.09879206212251943,0.08724832214765102,0.2003676470588236,0.2730095364825903,0.35595446584938706,0.22175959449674143,0.2757561799477967,0.34797705314009664,0.23549090909090908,0.24675171273328605,0.3349819059107358
Electronic Equipment Repairers,Management of Companies and Enterprises,0.053014973694860384,0.055867126833477145,0.0425916365513681,0.15336134453781514,0.1707695719671768,0.2355516637478109,0.16636495293265746,0.17349915553508372,0.20093599033816423,0.1789090909090909,0.2045830380344909,0.1882991556091676
Electronic Equipment Repairers,"Administrative and Support and Waste
Management and Remediation Services",0.18615944961554026,0.26315789473684215,0.2323180175529169,0.4112394957983193,0.45131958305611,0.5087565674255692,0.4800868935553946,0.4930139720558882,0.5848429951690821,0.5632,0.5985116938341601,0.664897466827503
Electronic Equipment Repairers,Educational Services,0.022460542290570623,0.03817946505608283,0.03871966959215282,0.16754201680672276,0.27278775781769793,0.33056042031523647,0.20691527878349014,0.3193612774451097,0.2961956521739131,0.22065454545454544,0.3758563666430427,0.3897466827503015
Electronic Equipment Repairers,Health Care and Social Assistance,0.6833265884257386,0.5166091458153581,0.3851316468766134,0.16649159663865543,0.16345087602572628,0.15126970227670755,0.2056480811006517,0.220175034546292,0.20727657004830913,0.24814545454545456,0.2787621072525395,0.2540410132689988
Electronic Equipment Repairers,"Arts, Entertainment, and Recreation",0.10117361392148928,0.16458153580672993,0.18585441404233352,0.23004201680672276,0.17964071856287422,0.2471541155866901,0.27353367125271544,0.25026869338246577,0.291213768115942,0.3281454545454545,0.2845499645641389,0.25983112183353435
Electronic Equipment Repairers,Accommodation and Food Services,0.1906110886280858,0.3119068162208801,0.3544140423335055,0.11790966386554624,0.1310711909514305,0.16506129597197905,0.1307023895727733,0.13173652694610777,0.1776871980676329,0.12741818181818182,0.14694070399244036,0.15536791314837156
Electronic Equipment Repairers,Other Services (except Public Administration),0.04775394577094294,0.04961173425366695,0.029943211151264845,0.1567752100840336,0.1643379906852961,0.11821366024518387,0.15405503258508324,0.19223092276984494,0.20395531400966183,0.16901818181818185,0.21568627450980388,0.14692400482509044
Electronic Equipment Repairers,Public Administration,0.2527316875758802,0.22088006902502158,0.16339700567888488,0.0779936974789916,0.04679529829230428,0.04246935201401053,0.08381607530774798,0.072316904652234,0.06204710144927539,0.12480000000000002,0.10866997401370188,0.047165259348612765
Electronic Equipment Repairers,Federal Government,0.07041683528935654,0.07010353753235549,0.055240061951471346,0.1964285714285714,0.18030605455755155,0.17775831873905434,0.25941346850108615,0.2017503454629203,0.17376207729468596,0.26632727272727275,0.21084337349397592,0.13848009650180942
"Communications and Intelligence
Specialists","Mining, Quarrying, and Oil and Gas Extraction",0.45042492917847027,0.8787748058671269,0.961796592669076,0.5128676470588236,0.5400310490130849,0.601138353765324,0.43247646632874726,0.4593889144787348,0.5114734299516908,0.3982545454545454,0.4334987006850933,0.4940892641737032
"Communications and Intelligence
Specialists",Utilities,,,,,,,,,,,,
"Communications and Intelligence
Specialists",Construction,,,,,,,,,,,,
"Communications and Intelligence
Specialists",Manufacturing,,,,,,,,,,,,
"Communications and Intelligence
Specialists",Wholesale Trade,,,,,,,,,,,,
"Communications and Intelligence
Specialists",Retail Trade,,,,,,,,,,,,
"Communications and Intelligence
Specialists",Transportation and Warehousing,,,,,,,,,,,,
"Communications and Intelligence
Specialists",Information,,,,,,,,,,,,
"Communications and Intelligence
Specialists",Finance and Insurance,,,,,,,,,,,,
"Communications and Intelligence
Specialists",Real Estate and Rental and Leasing,,,,,,,,,,,,
"Communications and Intelligence
Specialists","Professional, Scientific, and Technical Services",,,,,,,,,,,,
"Communications and Intelligence
Specialists",Management of Companies and Enterprises,,,,,,,,,,,,
"Communications and Intelligence
Specialists","Administrative and Support and Waste
Management and Remediation Services",,,,,,,,,,,,
"Communications and Intelligence
Specialists",Educational Services,,,,,,,,,,,,
"Communications and Intelligence
Specialists",Health Care and Social Assistance,,,,,,,,,,,,
"Communications and Intelligence
Specialists","Arts, Entertainment, and Recreation",,,,,,,,,,,,
"Communications and Intelligence
Specialists",Accommodation and Food Services,,,,,,,,,,,,
"Communications and Intelligence
Specialists",Other Services (except Public Administration),,,,,,,,,,,,
"Communications and Intelligence
Specialists",Public Administration,,,,,,,,,,,,
"Communications and Intelligence
Specialists",Federal Government,,,,,,,,,,,,
Health Care Specialists,Construction,,,,,,,,,,,,
Health Care Specialists,Manufacturing,,,,,,,,,,,,
Health Care Specialists,Wholesale Trade,,,,,,,,,,,,
Health Care Specialists,Retail Trade,,,,,,,,,,,,
Health Care Specialists,Transportation and Warehousing,,,,,,,,,,,,
Health Care Specialists,"Professional, Scientific, and Technical Services",,,,,,,,,,,,
Health Care Specialists,"Administrative and Support and Waste
Management and Remediation Services",,,,,,,,,,,,
Health Care Specialists,Educational Services,,,,,,,,,,,,
Health Care Specialists,Health Care and Social Assistance,,,,,,,,,,,,
Health Care Specialists,Public Administration,,,,,,,,,,,,
Health Care Specialists,Federal Government,,,,,,,,,,,,
Other Allied Professions,Construction,,,,,,,,,,,,
Other Allied Professions,Manufacturing,,,,,,,,,,,,
Other Allied Professions,Wholesale Trade,,,,,,,,,,,,
Other Allied Professions,Retail Trade,,,,,,,,,,,,
Other Allied Professions,Transportation and Warehousing,,,,,,,,,,,,
Other Allied Professions,Information,,,,,,,,,,,,
Other Allied Professions,Finance and Insurance,,,,,,,,,,,,
Other Allied Professions,"Professional, Scientific, and Technical Services",,,,,,,,,,,,
Other Allied Professions,Management of Companies and Enterprises,,,,,,,,,,,,
Other Allied Professions,"Administrative and Support and Waste
Management and Remediation Services",,,,,,,,,,,,
Other Allied Professions,Educational Services,,,,,,,,,,,,
Other Allied Professions,Health Care and Social Assistance,,,,,,,,,,,,
Other Allied Professions,Accommodation and Food Services,,,,,,,,,,,,
Other Allied Professions,Other Services (except Public Administration),,,,,,,,,,,,
Other Allied Professions,Public Administration,,,,,,,,,,,,
Other Allied Professions,Federal Government,,,,,,,,,,,,
"Functional Support and
Administration","Mining, Quarrying, and Oil and Gas Extraction",,,,,,,,,,,,
"Functional Support and
Administration",Utilities,,,,,,,,,,,,
"Functional Support and
Administration",Construction,,,,,,,,,,,,
"Functional Support and
Administration",Manufacturing,,,,,,,,,,,,
"Functional Support and
Administration",Wholesale Trade,,,,,,,,,,,,
"Functional Support and
Administration",Retail Trade,,,,,,,,,,,,
"Functional Support and
Administration",Transportation and Warehousing,,,,,,,,,,,,
"Functional Support and
Administration",Information,,,,,,,,,,,,
"Functional Support and
Administration",Finance and Insurance,,,,,,,,,,,,
"Functional Support and
Administration",Real Estate and Rental and Leasing,,,,,,,,,,,,
"Functional Support and
Administration","Professional, Scientific, and Technical Services",,,,,,,,,,,,
"Functional Support and
Administration",Management of Companies and Enterprises,,,,,,,,,,,,
"Functional Support and
Administration","Administrative and Support and Waste
Management and Remediation Services",,,,,,,,,,,,
"Functional Support and
Administration",Educational Services,,,,,,,,,,,,
"Functional Support and
Administration",Health Care and Social Assistance,,,,,,,,,,,,
"Functional Support and
Administration","Arts, Entertainment, and Recreation",,,,,,,,,,,,
"Functional Support and
Administration",Accommodation and Food Services,,,,,,,,,,,,
"Functional Support and
Administration",Other Services (except Public Administration),,,,,,,,,,,,
"Functional Support and
Administration",Public Administration,,,,,,,,,,,,
"Electrical/Mechanical Equipment
Repairers","Agriculture, Forestry, Fishing and Hunting",,,,,,,,,,,,
"Electrical/Mechanical Equipment
Repairers","Mining, Quarrying, and Oil and Gas Extraction",,,,,,,,,,,,
"Electrical/Mechanical Equipment
Repairers",Utilities,,,,,,,,,,,,
"Electrical/Mechanical Equipment
Repairers",Construction,,,,,,,,,,,,
"Electrical/Mechanical Equipment
Repairers",Manufacturing,,,,,,,,,,,,
"Electrical/Mechanical Equipment
Repairers",Wholesale Trade,,,,,,,,,,,,
"Electrical/Mechanical Equipment
Repairers",Retail Trade,,,,,,,,,,,,
"Electrical/Mechanical Equipment
Repairers",Transportation and Warehousing,,,,,,,,,,,,
"Electrical/Mechanical Equipment
Repairers",Information,,,,,,,,,,,,
"Electrical/Mechanical Equipment
Repairers",Finance and Insurance,,,,,,,,,,,,
"Electrical/Mechanical Equipment
Repairers",Real Estate and Rental and Leasing,,,,,,,,,,,,
"Electrical/Mechanical Equipment
Repairers","Professional, Scientific, and Technical Services",,,,,,,,,,,,
"Electrical/Mechanical Equipment
Repairers",Management of Companies and Enterprises,,,,,,,,,,,,
"Electrical/Mechanical Equipment
Repairers","Administrative and Support and Waste
Management and Remediation Services",,,,,,,,,,,,
"Electrical/Mechanical Equipment
Repairers",Educational Services,,,,,,,,,,,,
"Electrical/Mechanical Equipment
Repairers",Health Care and Social Assistance,,,,,,,,,,,,
"Electrical/Mechanical Equipment
Repairers","Arts, Entertainment, and Recreation",,,,,,,,,,,,
"Electrical/Mechanical Equipment
Repairers",Accommodation and Food Services,,,,,,,,,,,,
"Electrical/Mechanical Equipment
Repairers",Other Services (except Public Administration),,,,,,,,,,,,
"Electrical/Mechanical Equipment
Repairers",Public Administration,,,,,,,,,,,,
Craftsworkers,"Mining, Quarrying, and Oil and Gas Extraction",,,,,,,,,,,,
Craftsworkers,Utilities,,,,,,,,,,,,
Craftsworkers,Construction,,,,,,,,,,,,
Craftsworkers,Manufacturing,,,,,,,,,,,,
Craftsworkers,Wholesale Trade,,,,,,,,,,,,
Craftsworkers,Retail Trade,,,,,,,,,,,,
Craftsworkers,Transportation and Warehousing,,,,,,,,,,,,
Craftsworkers,Information,,,,,,,,,,,,
Craftsworkers,Finance and Insurance,,,,,,,,,,,,
Craftsworkers,Real Estate and Rental and Leasing,,,,,,,,,,,,
Craftsworkers,"Professional, Scientific, and Technical Services",,,,,,,,,,,,
Craftsworkers,Management of Companies and Enterprises,,,,,,,,,,,,
Craftsworkers,"Administrative and Support and Waste
Management and Remediation Services",,,,,,,,,,,,
Craftsworkers,Educational Services,,,,,,,,,,,,
Craftsworkers,Health Care and Social Assistance,,,,,,,,,,,,
Craftsworkers,"Arts, Entertainment, and Recreation",,,,,,,,,,,,
Craftsworkers,Accommodation and Food Services,,,,,,,,,,,,
Craftsworkers,Other Services (except Public Administration),,,,,,,,,,,,
Craftsworkers,Public Administration,,,,,,,,,,,,
Craftsworkers,Federal Government,,,,,,,,,,,,
Service and Supply Handlers,"Mining, Quarrying, and Oil and Gas Extraction",,,,,,,,,,,,
Service and Supply Handlers,Utilities,,,,,,,,,,,,
Service and Supply Handlers,Construction,,,,,,,,,,,,
Service and Supply Handlers,Manufacturing,,,,,,,,,,,,
Service and Supply Handlers,Wholesale Trade,,,,,,,,,,,,
Service and Supply Handlers,Retail Trade,,,,,,,,,,,,
Service and Supply Handlers,Transportation and Warehousing,,,,,,,,,,,,
Service and Supply Handlers,Information,,,,,,,,,,,,
Service and Supply Handlers,Finance and Insurance,,,,,,,,,,,,
Service and Supply Handlers,Real Estate and Rental and Leasing,,,,,,,,,,,,
Service and Supply Handlers,"Professional, Scientific, and Technical Services",,,,,,,,,,,,
Service and Supply Handlers,Management of Companies and Enterprises,,,,,,,,,,,,
Service and Supply Handlers,"Administrative and Support and Waste
Management and Remediation Services",,,,,,,,,,,,
Service and Supply Handlers,Educational Services,,,,,,,,,,,,
Service and Supply Handlers,Health Care and Social Assistance,,,,,,,,,,,,
Service and Supply Handlers,"Arts, Entertainment, and Recreation",,,,,,,,,,,,
Service and Supply Handlers,Accommodation and Food Services,,,,,,,,,,,,
Service and Supply Handlers,Other Services (except Public Administration),,,,,,,,,,,,
Service and Supply Handlers,Public Administration,,,,,,,,,,,,
Service and Supply Handlers,Federal Government,,,,,,,,,,,,
,,0.20902468636179686,0.1340595340811044,0.08982963345379452,0.15835084033613445,0.15147482812153468,0.1576182136602452,0.16147719044170888,0.17134960847535702,0.16938405797101452,0.15985454545454547,0.17800614221592254,0.09843184559710488
,,1.0,0.7681190681622088,0.559370160041301,0.5958508403361344,0.707473941006875,0.8364711033274957,0.6343229543808834,0.7200982650084446,0.8445048309178743,0.6680727272727272,0.7321048901488307,0.8395657418576596
,,0.5868069607446378,0.5107851596203624,0.3079504388229221,0.10766806722689076,0.11599024173874473,0.13857267950963226,0.11024619840695143,0.15000767695378475,0.19821859903381644,0.12218181818181817,0.1837939995275219,0.21399276236429426
,,0.07183326588425738,0.051768766177739435,0.02787816210635003,0.1383928571428572,0.15990241738744726,0.13835376532399302,0.14355539464156403,0.1647474282204821,0.18055555555555558,0.13832727272727274,0.16784786203638086,0.11604342581423405
,,0.37312828814245247,0.3026315789473685,0.2268972638100155,0.5900735294117647,0.6970503437569305,0.8373467600700525,0.6337798696596668,0.7076615998771687,0.8380132850241545,0.6471272727272728,0.7184030238601464,0.8419782870928829
,,0.09490084985835694,0.13761863675582398,0.11719153329891585,0.4070378151260504,0.605455755156354,0.8211471103327496,0.41835626357711797,0.6187624750499001,0.8041968599033816,0.46589090909090913,0.6337113158516419,0.7142340168878165
,,0.8251719951436666,0.7124676445211389,0.5273618998451214,0.23345588235294124,0.284985584386782,0.36252189141856395,0.23569876900796516,0.2927990173499155,0.34375,0.25061818181818185,0.2964800377982519,0.31809408926417365
,,0.9471873735329827,0.776962899050906,0.5547237996902427,0.1914390756302521,0.23131514748281212,0.30450963222416816,0.21270818247646628,0.26086288960540455,0.3085748792270532,0.23796363636363638,0.2801795416961966,0.2744270205066344
,,0.3097936058276002,0.3140638481449526,0.23954568921011873,0.28413865546218486,0.34286981592370813,0.47526269702276713,0.30050687907313534,0.32857362198679557,0.47086352657004826,0.32727272727272727,0.3623907394283014,0.46887816646562125
,,0.26183731282881423,0.19327006039689387,0.1272586473928756,0.16780462184873957,0.17786648924373472,0.24737302977232922,0.16962346125995653,0.21387993244280662,0.27626811594202894,0.1856,0.23245924875974483,0.23377563329312417
,,0.4937272359368676,0.5772217428817946,0.46773360867320607,0.35372899159663873,0.3532934131736527,0.4054290718038529,0.4666908037653873,0.40334715185014586,0.41123188405797095,0.48887272727272724,0.4116465863453815,0.3635705669481302
,,0.5226628895184136,0.661993097497843,0.5591120289106867,0.13681722689075637,0.1834109558660456,0.2554728546409808,0.1462708182476466,0.19238446184553964,0.28260869565217395,0.14356363636363634,0.2036380817387196,0.27189384800965016
,,0.19486038041278836,0.17730802415875754,0.10015487867836861,0.09742647058823528,0.10667553781326233,0.1405429071803853,0.09829833454018827,0.13726393367111928,0.18583937198067635,0.09410909090909092,0.17328136073706596,0.2460796139927623
,,0.4093484419263456,0.32053494391717,0.20185854414042334,0.1783088235294118,0.18208028387669106,0.2257005253940455,0.21071687183200571,0.22677721480116692,0.2661533816425121,0.2490181818181818,0.2344672808882589,0.22038600723763563
,,0.036220153783893164,0.03364969801553063,0.01703665462054724,0.7192752100840336,0.7418496340652029,0.8739054290718039,0.7246560463432296,0.7546445570397666,0.9791666666666666,0.7608727272727271,0.7872667139144816,0.9589867310012061
,,0.007891541885876164,0.015099223468507336,0.00722767165720186,0.5982142857142858,0.7252162341982701,0.9470227670753065,0.5897900072411295,0.7632427452786734,0.8248792270531401,0.5783272727272727,0.7347035199622018,0.7913148371531966
,,0.2535410764872521,0.17968075927523727,0.10944759938048529,0.25682773109243695,0.2765579951208693,0.3920753064798599,0.28113685734974647,0.30861354214647624,0.3903985507246377,0.32421818181818185,0.32742735648476257,0.40711700844390825
,,0.37636584378794014,0.36475409836065575,0.24703149199793498,0.35136554621848737,0.40718562874251496,0.4993432574430824,0.38486603910209993,0.4236143098418547,0.4779589371980676,0.47345454545454546,0.46196550909520434,0.49215922798552475
,,0.40084985835694054,0.3304572907679034,0.2214765100671141,0.5249474789915967,0.6063428698159237,0.7913747810858144,0.6194786386676321,0.6264394288346384,0.7297705314009663,0.6970181818181818,0.6669029057406095,0.6752714113389626
,,0.04755159854309996,0.06255392579810182,0.04284976768198245,0.2048319327731093,0.28831226436016855,0.38025394045534155,0.226285300506879,0.2904959312144941,0.3897946859903382,0.2737454545454545,0.3351051263879045,0.41507840772014476
,,0.7705382436260624,0.6481880931837791,0.3838409912235416,0.8558298319327731,0.8128188068307828,0.8693082311733801,0.8783490224475018,0.8252725318593581,0.8745471014492753,0.9816727272727273,0.8736120954405859,0.9131483715319662
,,0.01679481991096722,0.013157894736842105,0.0012906556530717598,0.10976890756302521,0.17764471057884235,0.2062171628721542,0.14138305575669802,0.20881314294487946,0.1686292270531401,0.14632727272727275,0.2573824710607135,0.08914354644149575
,,0.06940509915014165,0.056082830025884385,0.029426948890036143,0.2457983193277311,0.3264581947216677,0.3627408056042032,0.3330919623461259,0.3572854291417165,0.34797705314009664,0.4021818181818182,0.3959366879281833,0.39131483715319665
,,0.5975313638203157,0.5310612597066436,0.38668043366029947,0.2865021008403361,0.3550676424927922,0.45534150612959723,0.30304127443881246,0.3703362505757715,0.4726751207729468,0.37832727272727273,0.41648948736120955,0.4876960193003618
,,0.2685147713476325,0.22907679033649697,0.1670108415074858,0.2817752100840336,0.3257928587269905,0.4170315236427321,0.2929036929761042,0.34776600644864114,0.4186292270531401,0.36436363636363633,0.4069218048665249,0.5377563329312425
,,0.679684338324565,0.4441328731665229,0.25374290139390815,0.08692226890756305,0.07873142603681527,0.12346760070052543,0.09341057204923964,0.10686319668355598,0.15791062801932365,0.11316363636363636,0.1384360973304985,0.15428226779252113
,,0.28895184135977336,0.21656600517687663,0.14532782653588022,0.19721638655462181,0.26036815258372137,0.29947460595446584,0.2414916727009413,0.2866574543221249,0.3443538647342995,0.31447272727272724,0.3569572407276163,0.3733413751507841
,,0.5315661675435046,0.3835202761000863,0.04104284976768199,0.26129201680672276,0.3045021068973165,0.3837565674255692,0.29634322954380876,0.32934131736526945,0.4121376811594203,0.36916363636363636,0.36369005433498697,0.42617611580217124
,,0.09125859975718333,0.09318377911993098,0.018327310273619002,0.3253676470588236,0.38678199157241067,0.413091068301226,0.3088341781317885,0.3493013972055888,0.36096014492753625,0.2747636363636363,0.3270729978738483,0.36019300361881784
,,0.1450829623634156,0.0992234685073339,0.06350025813113061,0.2279411764705882,0.1763140385894877,0.18235551663747818,0.3081100651701665,0.27821280515891295,0.26358695652173914,0.42458181818181817,0.4260571698558942,0.28661037394451144
,,0.604208822339134,0.5295513373597929,0.3538977800722768,0.30646008403361347,0.32157906409403414,0.3627408056042032,0.3318247646632875,0.3453093812375249,0.40413647342995174,0.38458181818181814,0.38188046302858497,0.41158021712907117
,,0.3049372723593687,0.27092320966350303,0.18611254517294787,0.27494747899159666,0.27611443779108447,0.32946584938704027,0.29670528602461976,0.28066943037002917,0.3378623188405797,0.3421090909090909,0.32199385778407746,0.3535585042219542
,,0.7480777013354917,0.49050905953408114,0.2901393908105318,0.09742647058823528,0.0802838766910623,0.11383537653239928,0.11495293265749457,0.10287118071549206,0.1408514492753623,0.1482181818181818,0.14257028112449804,0.1496984318455971
,,0.4680291380008094,0.33283002588438315,0.22483221476510068,0.23293067226890762,0.24706143269017522,0.3119527145359019,0.25760318609703114,0.2863503761707354,0.33318236714975846,0.30821818181818184,0.3380581148121899,0.304583835946924
,,0.37879401052205586,0.5079810181190682,0.4235931853381518,0.16727941176470584,0.14459968950986912,0.21716287215411556,0.1830195510499638,0.16643635805312446,0.22086352657004826,0.18996363636363633,0.17954169619655086,0.20856453558504223
,,0.049777418049372725,0.039042277825711826,0.025038719669592154,0.1158088235294118,0.10822798846750942,0.08318739054290719,0.11875452570601008,0.12759097190234914,0.19761473429951693,0.14850909090909092,0.1574533427828963,0.24330518697225573
,,0.21408336705787132,0.15509059534081104,0.0986060918946825,0.06118697478991597,0.019960079840319334,0.019702276707530664,0.05937726285300504,0.019345923537540333,0.03743961352657005,0.08189090909090913,0.06283959366879283,0.024487334137515082
,,0.48907324969647914,0.5245901639344263,0.4099122354155912,0.31039915966386555,0.3375471279662896,0.3837565674255692,0.27570601013758145,0.28174420389989246,0.30782004830917875,0.23781818181818182,0.2670682730923695,0.2693606755126658
,,0.5955078915418859,0.48144952545297676,0.3048528652555499,0.24448529411764708,0.26968285650920376,0.3274956217162872,0.25832729905865315,0.27360663288807,0.3568840579710145,0.2846545454545455,0.3060477202929364,0.3460796139927624
,,0.6630918656414407,0.5207075064710958,0.36525554981930825,0.3398109243697479,0.3792415169660678,0.4397985989492119,0.33779869659666906,0.3666513127590972,0.42330917874396135,0.3380363636363636,0.3652256083156154,0.3937273823884198
,,0.16349656009712668,0.16415012942191545,0.1233866804336603,0.3621323529411765,0.42093590596584607,0.5002189141856392,0.37889210716871824,0.4137878089973898,0.5055857487922705,0.4702545454545455,0.505669737774628,0.5484921592279854
,,0.8263860785107244,0.7215271786022434,0.44501806917914305,0.6662289915966386,0.62785540031049,0.6289404553415062,0.6848298334540187,0.6419468754798094,0.652475845410628,0.7232000000000001,0.6608788093550673,0.6753920386007237
,,0.07871307163091866,0.07226056945642795,0.05833763551884357,0.2801995798319328,0.31869594145043245,0.4511821366024519,0.3495655322230268,0.3964378934438814,0.46980676328502413,0.43330909090909087,0.488896763524687,0.47985524728588663
,,0.19971671388101983,0.2377049180327869,0.2150232318017553,0.32746848739495804,0.30405854956753153,0.33034150612959723,0.421614771904417,0.33932135728542906,0.33952294685990336,0.46996363636363636,0.3297897472241909,0.2928829915560916
,,0.5113314447592068,0.6302847282139775,0.6267423851316469,0.23844537815126055,0.25304945664227096,0.3627408056042032,0.2843953656770456,0.2961768770152003,0.41787439613526567,0.3794909090909091,0.3579021970233877,0.3966224366706876
,,0.2501011736139215,0.19693701466781707,0.146618482188952,0.27888655462184875,0.2987358616101131,0.33428196147110334,0.2773352643012309,0.3127590971902349,0.3318236714975845,0.2709818181818182,0.2952988424285377,0.29541616405307597
,,0.02792391744233104,0.022648835202761,0.00722767165720186,0.19275210084033612,0.2656908405411399,0.2594133099824869,0.2440260680666183,0.2278519883310302,0.26660628019323673,0.2469818181818182,0.27025750059059767,0.26079613992762357
,,0.33630109267503033,0.4400345125107852,0.43030459473412497,0.22216386554621848,0.2787757817697937,0.39908056042031526,0.24547429398986242,0.3181329648395516,0.42376207729468596,0.2842181818181818,0.35388613276635955,0.39131483715319665
,,0.010319708619991907,0.01013805004314064,0.002065049044914816,0.12421218487394958,0.10490130849412282,0.14579684763572687,0.10716871832005792,0.18271150007676956,0.17376207729468596,0.08000000000000002,0.2137963619182613,0.15946924004825086
,,0.6752326993120195,0.42018981880931844,0.270521424883841,0.22085084033613445,0.2592592592592592,0.2793345008756568,0.24022447501810273,0.2756026408721019,0.30147946859903385,0.27636363636363637,0.2708480982754548,0.25971049457177314
,,0.12565762849048967,0.1285591026747196,0.08466701084150749,0.18592436974789917,0.25149700598802394,0.3601138353765324,0.21795800144822586,0.2670044526331951,0.3442028985507246,0.22938181818181813,0.24167257264351522,0.33401688781664657
,,0.4279643868878996,0.3009059534081105,0.16288074341765618,0.07930672268907563,0.038811266356176544,0.04509632224168125,0.07494569152787833,0.06387225548902198,0.06355676328502413,0.10618181818181821,0.09626742263170329,0.04571773220747882
,,0.13617968433832456,0.1013805004314064,0.05472379969024265,0.18986344537815125,0.16212020403637173,0.1757880910683013,0.23461259956553215,0.18025487486565334,0.1717995169082126,0.24930909090909092,0.20056697377746274,0.13872135102533173
,,0.6871711857547552,0.8731665228645384,0.8582860092927208,0.22715336134453779,0.2905300510090929,0.4058669001751314,0.24022447501810273,0.29264547827422077,0.39462560386473433,0.24887272727272725,0.30132293881407984,0.4043425814234017
,,0.3280048563334682,0.4150129421915445,0.45276200309757364,0.25682773109243695,0.3384342426258594,0.4308231173380035,0.3148081100651702,0.38891447873483803,0.47056159420289856,0.40101818181818183,0.47814788566028815,0.5167671893848009
,,0.3462161068393363,0.371009490940466,0.3066597831698503,0.11239495798319327,0.12220004435573295,0.1387915936952715,0.11947863866763214,0.15768463073852296,0.1998792270531401,0.12421818181818184,0.19442475785494923,0.2147165259348613
,,0.0481586402266289,0.09792924935289044,0.11822405782137327,0.3834033613445379,0.6092259924595254,0.794877408056042,0.42251991310644454,0.6130815292491938,0.7952898550724637,0.46821818181818176,0.6374911410347273,0.7096501809408926
,,0.07163091865641441,0.09620362381363246,0.10764068146618483,0.20850840336134457,0.29851408294522064,0.375,0.23099203475742214,0.3213572854291417,0.402475845410628,0.24087272727272724,0.36735175998110087,0.4860072376357057
,,0.2929987859166329,0.43119068162208807,0.47031491997934954,0.34059873949579833,0.3588378797959636,0.40411558669001757,0.4274076755973931,0.4091816367265469,0.4122886473429952,0.45818181818181813,0.41459957476966686,0.36562123039807
,,0.31384055038445974,0.48554788610871447,0.5591120289106867,0.14338235294117652,0.1825238412064759,0.2589754816112084,0.15369297610427224,0.19054199293720248,0.2842693236714976,0.14880000000000004,0.20694542877391925,0.2743063932448733
,,0.07324969647915824,0.13114754098360656,0.13216313887454828,0.2899159663865546,0.4162785540031049,0.45599824868651495,0.3066618392469225,0.3410102871180715,0.40775966183574874,0.2637090909090909,0.33108906213087647,0.3469240048250904
,,0.10886280857952246,0.2940034512510786,0.34641197728446055,0.5506827731092437,0.6440452428476381,0.745183887915937,0.5284214337436639,0.6081682788269613,0.6868961352657005,0.590690909090909,0.5754783841247342,0.6165259348612786
,,0.5208417644678268,0.3856773080241588,0.29917398038203413,0.1832983193277311,0.18518518518518512,0.19395796847635727,0.23714699493120928,0.25656379548595115,0.2727958937198067,0.3066181818181818,0.35849279470824474,0.33763570566948126
,,0.26588425738567384,0.6704055220017257,0.8128549303045948,0.5853466386554622,0.7267686848525171,0.8655866900175132,0.5968501086169442,0.7045908183632734,0.817330917874396,0.621090909090909,0.6839121190644932,0.7334137515078407
,,0.015580736543909348,0.013373597929249352,0.0015487867836861124,0.22689075630252098,0.2998447549345753,0.49759194395796846,0.251086169442433,0.3198218946721941,0.46875,0.3408,0.3664068036853296,0.4980699638118214
,,0.029138000809388914,0.03192407247627265,0.024264326277749097,0.42121848739495804,0.37591483699268124,0.6650612959719789,0.5148443157132512,0.5128205128205128,0.6100543478260869,0.5104,0.5001181195369715,0.586972255729795
,,0.05463375151760422,0.05327868852459016,0.03200826019617966,0.4472163865546219,0.46351740962519405,0.5124781085814362,0.5559377262853005,0.5475203439275296,0.6680253623188405,0.5633454545454545,0.594495629577132,0.6332931242460795
,,0.05220558478348847,0.03710094909404659,0.016520392359318535,0.2683823529411765,0.20691949434464407,0.2594133099824869,0.30304127443881246,0.3384001228312605,0.2946859903381642,0.3857454545454545,0.43278998346326486,0.38866103739445107
,,0.008700930797248077,0.027394305435720447,0.014455343314403717,0.44852941176470595,0.3293413173652694,0.4428633975481612,0.39518464880521353,0.3660371564563181,0.4035326086956522,0.33992727272727274,0.3406567446255611,0.33353437876960196
,,0.12606232294617564,0.14063848144952545,0.04207537429013939,0.3022584033613446,0.300731869594145,0.42447460595446584,0.3330919623461259,0.32857362198679557,0.4563707729468599,0.41279999999999994,0.3835341365461848,0.4781664656212304
,,0.02286523674625658,0.040767903364969806,0.017811048012390297,0.35031512605042014,0.4282546019072965,0.4076182136602452,0.3394279507603186,0.3442346077076616,0.3620169082125604,0.30778181818181816,0.31041814316087885,0.34523522316043426
,,0.043099959530554434,0.06341673856773081,0.058079504388229224,0.23713235294117652,0.3375471279662896,0.40958844133099825,0.2766111513396089,0.31521572240135115,0.4054951690821256,0.3313454545454545,0.38388849515709894,0.4159227985524729
,,0.07365439093484419,0.06061259706643659,0.04181724315952504,0.10215336134453784,0.08383233532934131,0.12390542907180391,0.10825488776249093,0.08736373407032089,0.12454710144927539,0.12625454545454545,0.14068036853295535,0.16248492159227984
,,0.015378389316066369,0.017687661777394306,0.022199277232834283,0.1783088235294118,0.1918385451319583,0.180385288966725,0.2720854453294713,0.27959465684016577,0.26660628019323673,0.3089454545454545,0.30203165603590837,0.24028950542822675
,,0.014973694860380414,0.016177739430543573,0.010841507485802787,0.38497899159663873,0.34730538922155685,0.5464098073555167,0.4514844315713251,0.5140488254260709,0.5647644927536232,0.6052363636363636,0.5479565320103945,0.572496984318456
,,0.12606232294617564,0.13761863675582398,0.10815694372741352,0.6252626050420168,0.6801951652251054,0.7049036777583187,0.6301593048515568,0.7168739444188545,0.746225845410628,0.7631999999999999,0.7647058823529411,0.7973462002412544
,,0.09834075273168758,0.08110440034512512,0.06479091378420238,0.21533613445378152,0.19072965180749613,0.17907180385288968,0.30901520637219404,0.29341317365269454,0.2755132850241546,0.3986909090909091,0.4062130876446964,0.2899879372738238
,,0.03541076487252125,0.046807592752372736,0.053691275167785234,0.2951680672268908,0.33909957862053663,0.4584063047285465,0.4223388848660391,0.36634423460770765,0.4227053140096618,0.43301818181818186,0.36014646822584456,0.3358262967430639
,,0.019425333872925943,0.04551337359792925,0.05937016004130099,0.17016806722689082,0.1559104014193834,0.2714535901926445,0.15894279507603182,0.15553508367879626,0.27913647342995174,0.1841454545454545,0.19064493267186394,0.2700844390832328
,,0.011736139214892758,0.01639344262295082,0.012132163138874549,0.0,0.032157906409403414,0.0008756567425569073,0.0,0.033625057577153394,0.009963768115942018,0.0,0.02197023387668323,0.03944511459589867
,,0.002630513961958722,0.0034512510785159618,0.0007743933918430562,0.2234768907563025,0.08094921268573962,0.218476357267951,0.36259956553222294,0.15891294334408107,0.24260265700483097,0.36043636363636367,0.16229624379872426,0.19867310012062728
,,0.015580736543909348,0.024805867126833477,0.02348993288590604,0.5162815126050421,0.6990463517409625,0.9017075306479861,0.5796524257784214,0.6269000460617227,0.8630736714975845,0.5866181818181818,0.6527285613040397,0.9047044632086851
,,0.007284500202347227,0.023080241587575497,0.01961796592669076,0.3834033613445379,0.4473275670880461,0.7489054290718039,0.32078204199855176,0.47075080608014735,0.6896135265700484,0.3213090909090909,0.5098039215686274,0.6178528347406513
,,0.15317685147713478,0.15530629853321828,0.10944759938048529,0.2226890756302521,0.26036815258372137,0.3623029772329247,0.25362056480811,0.3013972055888224,0.3439009661835749,0.31374545454545455,0.3686510748877864,0.3943305186972255
,,0.3668555240793201,0.413718723037101,0.35596282911719157,0.30540966386554624,0.3320026613439787,0.36471103327495624,0.3191527878349022,0.351758022416705,0.40745772946859904,0.3492363636363637,0.3870777226553272,0.4201447527141134
,,0.18838526912181303,0.2120362381363244,0.1853381517811048,0.27022058823529416,0.2741184298070526,0.3340630472854641,0.28005068790731347,0.2797481959158606,0.33937198067632846,0.3282909090909091,0.3189227498228207,0.35307599517490945
,,0.4953460137596115,0.3815789473684211,0.29194630872483224,0.10189075630252103,0.10046573519627411,0.11011383537653241,0.13269370021723387,0.12452019038845386,0.13979468599033817,0.15898181818181822,0.1656035908339239,0.14873341375150778
,,0.28409550789154187,0.25172562553925804,0.22457408363448633,0.23398109243697485,0.25970281658904415,0.31173380035026277,0.25977552498189715,0.2997082757561799,0.32940821256038644,0.28930909090909096,0.3390030711079613,0.3012062726176115
,,0.16268717118575476,0.16889559965487488,0.11564274651522974,0.35110294117647056,0.38966511421601235,0.501970227670753,0.4270456191165821,0.439735912789805,0.511322463768116,0.5464727272727272,0.5742971887550201,0.5437876960193002
,,0.17766086604613518,0.1911130284728214,0.1768198244708312,0.2450105042016807,0.28188068307828784,0.36536777583187396,0.25054308472121645,0.27698449255335483,0.36669685990338163,0.26210909090909096,0.3180959130640208,0.3738238841978287
,,0.06819101578308377,0.0597497842968076,0.043366029943211155,0.19905462184873957,0.27722333111554665,0.2648861646234676,0.2833091962346126,0.2757561799477967,0.23067632850241548,0.3149090909090909,0.27545476021734,0.1996381182147165
,,0.8184945366248483,0.8298101811906816,0.5998967475477543,0.6628151260504203,0.7041472610334886,0.6806042031523644,0.697863866763215,0.7216336557653922,0.7355072463768116,0.8117818181818182,0.8180959130640209,0.8238841978287093
,,0.04937272359368677,0.06600517687661778,0.06582343830665979,0.29149159663865554,0.3650476824129518,0.43826619964973734,0.3660391020999275,0.4689083371718102,0.5730676328502415,0.5426909090909091,0.608433734939759,0.58335343787696
,,0.7128692836908135,0.519197584124245,0.37661331956633975,0.1785714285714286,0.15280550011088934,0.14185639229422065,0.2166908037653874,0.20512820512820512,0.20244565217391308,0.27505454545454544,0.2752185211433971,0.25922798552472853
,,0.26001618777822744,0.3427523727351165,0.3549303045947342,0.37736344537815125,0.3293413173652694,0.3660245183887916,0.4706734250543084,0.39336711192998614,0.37635869565217395,0.46792727272727275,0.4044412945901252,0.3436670687575392
,,0.24949413193039255,0.39106988783434,0.4264326277749097,0.1649159663865546,0.1523619427811045,0.22044658493870406,0.17704561911658212,0.17134960847535702,0.22373188405797106,0.17847272727272723,0.18048665249232226,0.21254523522316043
,,0.028733306353702956,0.029119930974978434,0.023748064016520395,0.12578781512605042,0.11465956974939007,0.09588441330998249,0.15405503258508324,0.13572854291417163,0.21603260869565222,0.17629090909090905,0.19040869359792106,0.3041013268998794
,,0.12909753136382032,0.11604831751509923,0.09834796076406815,0.04359243697478993,0.02040363717010424,0.018388791593695275,0.06082548877624905,0.030247197911868584,0.03245772946859904,0.09643636363636365,0.07949444838176234,0.02098914354644149
,,0.10360178065560502,0.09469370146678172,0.07046979865771813,0.2410714285714286,0.1825238412064759,0.20227670753064797,0.2731716147719043,0.25855980346998314,0.2720410628019324,0.30225454545454544,0.2755728797543114,0.2622436670687575
,,0.3093889113719142,0.4197584124245039,0.41068662880743423,0.3172268907563025,0.3419827012641383,0.38528896672504376,0.277697320782042,0.2875786887762935,0.3094806763285024,0.23098181818181818,0.2735648476257973,0.27141133896260555
,,0.013759611493322542,0.008843830888697155,0.008776458440887973,0.2670693277310925,0.297183410955866,0.2521891418563923,0.2655684286748733,0.25671733456164586,0.2281099033816425,0.28654545454545455,0.20163004961020553,0.17068757539203855
,,0.07466612707405909,0.09771354616048317,0.09576664945792462,0.5827205882352942,0.7336438234641828,0.906523642732049,0.5776611151339608,0.7426685091355749,0.8656400966183574,0.5791999999999999,0.7583274273564848,0.8371531966224366
,,0.012950222581950629,0.036022433132010354,0.048528652555498195,0.45351890756302526,0.5783987580394766,0.8436952714535902,0.3922881969587255,0.5988023952095807,0.8022342995169082,0.5127272727272727,0.6217812426175289,0.8033775633293123
,,0.36665317685147714,0.3738136324417602,0.3061435209086216,0.24317226890756305,0.2776668884453315,0.32771453590192645,0.26194786386676316,0.2797481959158606,0.3556763285024155,0.28305454545454545,0.31230805575242143,0.3470446320868516
,,0.7140833670578713,0.7707075064710958,0.7240578213732577,0.31959033613445376,0.35817254380128627,0.4500875656742557,0.34666908037653865,0.3864578535237217,0.41455314009661837,0.3986909090909091,0.4179069218048665,0.41121833534378766
,,0.41582355321732095,0.4007765314926661,0.36654620547238004,0.35005252100840334,0.3774672876469284,0.4452714535901927,0.3457639391745112,0.3649623829264547,0.42723429951690817,0.34865454545454544,0.36770611859201513,0.3973462002412545
,,0.6918251719951437,0.5632010353753235,0.4406298399586991,0.12001050420168069,0.1319583056110002,0.14404553415061294,0.13595220854453294,0.15000767695378475,0.18206521739130432,0.14632727272727275,0.16678478620363807,0.1609167671893848
,,0.6460946985026306,0.5933994823123382,0.4607640681466185,0.39075630252100846,0.412286538035041,0.41571803852889666,0.419804489500362,0.4309841854752034,0.4065519323671497,0.45847272727272725,0.4559414127096622,0.36803377563329315
,,0.1066369890732497,0.13481449525452976,0.12596799173980383,0.3618697478991597,0.43224661787536034,0.4905866900175132,0.37853005068790724,0.43159834177798245,0.5009057971014492,0.4613818181818182,0.5405150011811954,0.5478890229191797
,,0.056050182112505065,0.08369283865401209,0.07614868353123389,0.209296218487395,0.24573076070082056,0.3701838879159369,0.23008689355539458,0.2743743282665438,0.3352958937198067,0.24,0.26057169855894163,0.3395657418576598
,,0.11756373937677053,0.09814495254529768,0.09344346928239547,0.2896533613445378,0.3080505655355954,0.3710595446584939,0.31716147719044163,0.3135267925687087,0.36714975845410625,0.32378181818181817,0.28939286557996696,0.2955367913148372
,,0.42391744233104006,0.5575927523727351,0.44450180691791435,0.5990021008403362,0.6451541361721002,0.6280647985989493,0.6386676321506154,0.6562260095194228,0.6505132850241545,0.6338909090909091,0.6630049610205528,0.6712907117008442
,,0.04208822339133954,0.054572907679033646,0.05911202891068663,0.2668067226890757,0.2989576402750055,0.44833625218914186,0.31716147719044163,0.38691847075080604,0.4690519323671497,0.34618181818181815,0.5137018662886841,0.4819059107358263
,,0.6639012545528127,0.5565142364106989,0.4274651522973671,0.1869747899159664,0.1936127744510978,0.1764448336252189,0.22990586531498913,0.25548902195608775,0.24154589371980673,0.29978181818181815,0.32305693361682025,0.2961399276236429
,,0.12161068393363011,0.17773943054357205,0.21631388745482705,0.2977941176470589,0.3071634508760257,0.3290280210157619,0.3812454742939898,0.33471518501458614,0.3398248792270532,0.4328727272727273,0.34301913536498935,0.293968636911942
,,0.4399028733306354,0.5526315789473684,0.6254517294785752,0.26181722689075637,0.26702151253049455,0.3627408056042032,0.3160753077480086,0.31414094887148775,0.4186292270531401,0.4046545454545455,0.36947791164658633,0.3971049457177322
,,0.2501011736139215,0.41350301984469373,0.44140423335054213,0.31906512605042014,0.40186294078509643,0.44439579684763575,0.29525706010137576,0.33364041148472284,0.38647342995169076,0.25090909090909086,0.3137254901960785,0.3592279855247285
,,0.010117361392148928,0.015314926660914583,0.013164687661331956,0.6071428571428572,0.4817032601463739,0.9748248686514888,0.5977552498189717,0.6639029633041609,0.8792270531400966,0.5983999999999999,0.7076541459957477,0.8902291917973462
,,0.16369890732496964,0.1399913718723037,0.10815694372741352,0.2591911764705882,0.3115990241738744,0.4196584938704029,0.26267197682838517,0.32504222324581605,0.42346014492753625,0.2779636363636364,0.358847153319159,0.37611580217129065
,,0.01719951436665318,0.017040552200172563,0.009550851832731029,0.2003676470588236,0.34730538922155685,0.2510945709281962,0.25760318609703114,0.287271610624904,0.2590579710144928,0.2849454545454545,0.4225135837467517,0.25114595898673103
,,0.007486847430190206,0.0064710957722174285,0.002839442436757874,0.15782563025210083,0.10822798846750942,0.1720665499124343,0.1296162201303403,0.18916014125594965,0.18055555555555558,0.09512727272727273,0.20056697377746274,0.17454764776839565
,,0.04451639012545528,0.040767903364969806,0.02632937532266391,0.04017857142857145,0.002217786648924358,0.01094570928196148,0.037110789283128165,0.02226316597574085,0.008605072463768126,0.052654545454545454,0.06992676588707775,0.02665862484921594
,,0.02003237555645488,0.01898188093183779,0.011099638616417142,0.2008928571428572,0.13994233754712793,0.16243432574430827,0.1929761042722664,0.2069706740365423,0.23535628019323673,0.22850909090909088,0.26848570753602646,0.2231604342581423
,,0.19708619991906112,0.3964624676445212,0.47573567372225095,0.459296218487395,0.5196274118429807,0.570490367775832,0.3772628530050688,0.42514970059880236,0.4717693236714976,0.3550545454545454,0.3877864398771557,0.41893848009650175
,,0.5238769728854715,0.6999568593615185,0.6765616933402169,0.37657563025210083,0.44222665779552006,0.47767075306479867,0.33001448225923236,0.386304314448027,0.4430857487922705,0.2933818181818182,0.3718403023860147,0.4235223160434258
